id	pri	cluster	action	slug	primary_query	demand	asset	calc	links	title
B001	P1	Buying and retrofit	refresh	ai-cctv-price-in-india-what-it-should-cost	ai cctv camera price in india	GSC query 0c/9i/pos11.33	Three camera-count scenarios separating processor, licence, installation, support and tax (owner-approved figures, else itemised scope with unknown prices)	C05	/features/guides/edge-ai;/calculators/bandwidth-and-cloud-cost	AI CCTV price in India: compare complete project costs
B002	P1	Buying and retrofit	refresh	add-ai-to-existing-cctv-cameras	add ai to existing cctv	GSC page 1c/67i/pos6.03	Annotated compatibility checklist: stream, resolution, angle, network, processor	C24	/features/guides/onvif-integration;/calculators/retrofit-vs-replacement	Add AI to existing CCTV: the compatibility checks that decide feasibility
B003	P1	Buying and retrofit	refresh	reuse-existing-cctv-or-replace	reuse existing cctv cameras	GSC page 0c/45i/pos6.16	Itemised retained vs replaced equipment comparison with failed-camera allowance	C24	/features/guides/onvif-integration;/calculators/retrofit-vs-replacement	Reuse or replace CCTV: calculate the five-year cost
B004	P1	Buying and retrofit	refresh	ai-cctv-vs-normal-cctv	ai cctv vs normal cctv	GSC page 0c/26i/pos9.12	Decision table separating recording, detection, verification, response	C07	/features/intrusion-alerts;/calculators/false-alarm-cost	AI CCTV versus normal CCTV: when analytics earns its cost
B005	P1	Buying and retrofit	refresh	what-is-video-analytics-software	cctv video analytics software	GSC query 0c/8i/pos34.25	Architecture diagram and product-vs-licensed-module capability matrix	C05	/features/guides/edge-ai;/calculators/bandwidth-and-cloud-cost	What is video analytics software, and what does PGAK actually supply?
B006	P1	Buying and retrofit	refresh	compare-ai-video-analytics-suppliers-india	video analytics companies in india	hypothesis	Weighted vendor scorecard with named pass/fail pilot tests	C15	/features/guides/onsite-learning;/calculators/false-alarm-cost	How to compare AI video analytics suppliers in India
B007	P1	Buying and retrofit	refresh	does-ai-cctv-work-without-internet	does ai cctv work without internet	GSC page 0c/51i/pos4.18	Outage test: which recording, analytics and remote functions remain	C05	/features/guides/edge-ai;/calculators/bandwidth-and-cloud-cost	Does AI CCTV work without internet?
B008	P1	Buying and retrofit	refresh	does-ai-work-with-tapo-imou-qubo-cameras	ai analytics for existing wifi cameras	hypothesis	Model-and-firmware verification table, dated, not brand-wide	C24	/features/guides/onvif-integration;/calculators/retrofit-vs-replacement	Can Tapo, Imou and Qubo cameras work with video analytics?
B009	P1	Buying and retrofit	refresh	cctv-total-cost-of-ownership-5-years	cctv total cost of ownership	hypothesis	Editable capital, replacement, energy, subscription, maintenance, downtime assumptions	C05	/features/guides/edge-ai;/calculators/bandwidth-and-cloud-cost	CCTV total cost of ownership over five years
B010	P1	Buying and retrofit	new	ai-cctv-pilot-acceptance-checklist	ai cctv proof of concept	hypothesis	Pilot worksheet: day/night events, ground truth, precision, recall, response latency	C15	/features/guides/onsite-learning;/calculators/false-alarm-cost	How to run a 14-day AI CCTV pilot before buying
B011	P1	Storage and operations	refresh	cctv-storage-how-many-days	cctv camera storage capacity in days	GSC query 0c/186i/pos7.17	Worked decimal-TB examples for 4, 8, 16 cameras with bitrate and schedule	C05	/features/guides/edge-ai;/calculators/cctv-storage	How many days can CCTV store? Calculate from bitrate and disk size
B012	P2	Storage and operations	refresh	dvr-vs-nvr-which-do-you-have	dvr vs nvr	hypothesis	Connector checklist and export/stream compatibility questions	C24	/features/guides/onvif-integration;/calculators/retrofit-vs-replacement	DVR versus NVR: identify your recorder before upgrading
B013	P2	Storage and operations	refresh	ip-vs-analogue-cameras-india	ip vs analog cctv	hypothesis	Topology diagrams: direct IP, encoder, recorder-stream access	C24	/features/guides/onvif-integration;/calculators/retrofit-vs-replacement	IP versus analogue CCTV: what an AI retrofit needs
B014	P1	Storage and operations	refresh	cctv-camera-offline-how-to-know	cctv camera offline	GSC page 0c/37i/pos6.32	Failure-injection checklist: video loss, disk failure, stale frames	C31	/platform/capabilities;/calculators	How to know when a CCTV camera stops recording
B015	P1	Storage and operations	refresh	cctv-amc-what-should-it-include	cctv amc	GSC query 0c/9i/pos20.22	Service scope template: response hours, exclusions, parts, recording-check evidence	C31	/platform/capabilities;/calculators	What should a CCTV AMC include?
B016	P2	Storage and operations	new	remote-cctv-bandwidth-calculation	cctv bandwidth calculator	hypothesis	Concurrent-stream calculation: continuous upload, substream viewing, alert clips	C27	/remote-cctv-monitoring;/calculators/multi-site-travel	How much bandwidth does remote CCTV viewing use?
B017	P2	Storage and operations	new	h264-h265-cctv-storage-test	h264 vs h265 cctv storage	hypothesis	Controlled recording test protocol: identical scene, quality, frame rate, retention	C05	/features/guides/edge-ai;/calculators/bandwidth-and-cloud-cost	H.264 versus H.265: compare measured storage at your site
B018	P2	Storage and operations	refresh	cctv-monsoon-failures	cctv camera rain problems	hypothesis	Inspection and maintenance checklist without unsupported weatherproof claims	C31	/platform/capabilities;/calculators	CCTV monsoon failures: prevent moisture and power damage
B019	P2	Storage and operations	new	cctv-ai-processor-electricity-cost	cctv electricity consumption	hypothesis	Measured wattage worksheet: PoE losses, recorder, processor, UPS	C05	/features/guides/edge-ai;/calculators/electricity-cost	Calculate CCTV and AI processor electricity cost
B020	P2	Storage and operations	refresh	camera-resolution-vs-distance	cctv camera resolution distance	GSC page 0c/93i/pos5.82	Scene measurement exercise: target size, lens, distance, recognition test	C19	/features/guides/low-light-ai;/calculators	Camera resolution versus distance: when pixels stop being useful
B021	P1	Perimeter and alerts	refresh	how-does-ai-intruder-detection-work	ai intrusion detection	GSC page 0c/131i/pos9.15	Line and zone configuration examples with schedules and human response	C07	/features/intrusion-alerts;/calculators/false-alarm-cost	How AI intrusion detection works at a factory boundary
B022	P1	Perimeter and alerts	refresh	ai-cctv-false-alarms-how-to-reduce	cctv false alarm reduction	GSC page 0c/15i/pos5.73	Labelled alert-sample template: false positives and missed events separately	C26	/features/false-alarm-filtering;/calculators/false-alarm-cost	Reduce AI CCTV false alarms without hiding real incidents
B023	P2	Perimeter and alerts	refresh	ai-cctv-vs-security-guard-cost	ai cctv vs security guard cost	GSC page 0c/9i/pos36.33	Task allocation worksheet retaining intervention and required staffing	C07	/features/intrusion-alerts;/calculators/false-alarm-cost	AI CCTV and security guards: compare tasks and costs responsibly
B024	P2	Perimeter and alerts	refresh	loitering-detection-explained	loitering detection system	GSC query 0c/20i/pos33.9	Dwell-time test across employees, visitors, closed-hour trespass	C08	/features/loitering-detection;/calculators/false-alarm-cost	Loitering detection: choose a dwell time that fits your site
B025	P2	Perimeter and alerts	refresh	cctv-camera-tampering-detection	cctv camera tampering detection	GSC page 1c/29i/pos4.93	Test matrix: moved camera, covered lens, lighting shift, lost stream	C16	/features/guides/scene-change;/calculators	Detect CCTV tampering, obstruction and scene changes
B026	P2	Perimeter and alerts	refresh	cctv-blind-spots-where-thieves-look	warehouse cctv blind spots	hypothesis	Annotated site-plan exercise with occlusion and overlapping fields of view	C07	/features/intrusion-alerts;/calculators/false-alarm-cost	Why CCTV misses blind spots around a warehouse
B027	P2	Perimeter and alerts	new	person-vehicle-detection-alert-design	human vehicle detection cctv	hypothesis	Day/night confusion-matrix template and class-specific alert rules	C06	/features/guides/object-classification;/calculators/false-alarm-cost	Person versus vehicle detection: choose relevant alerts
B028	P2	Perimeter and alerts	new	virtual-tripwire-vs-motion-detection	line crossing detection camera	hypothesis	One scene tested with two rule types, direction, schedule, false-alarm log	C07	/features/intrusion-alerts;/calculators/false-alarm-cost	Virtual tripwire versus motion detection: choose the right rule
B029	P2	Perimeter and alerts	new	ai-cctv-alert-response-sop	cctv alert response procedure	hypothesis	Escalation worksheet: acknowledgement, verification, fallback contacts	C04	/features/guides/custom-text-alerts;/calculators/false-alarm-cost	What happens after an AI CCTV alert? Build a response SOP
B030	P2	Perimeter and alerts	new	two-way-audio-unmanned-gate	two way audio cctv camera	hypothesis	Scripted intervention trial with logged response time; no confrontation promises	C23	/features/guides/two-way-audio;/calculators	Two-way audio at an unmanned gate: assess value and limits
B031	P1	Attendance	refresh	face-recognition-attendance-vs-biometric-machine	face recognition attendance vs biometric	GSC page 0c/12i/pos6	Comparison: queue time, exceptions, identity checks, privacy requirements	C28	/features/attendance-automation;/calculators/attendance-admin-time	Face attendance versus fingerprint biometric machines
B032	P1	Attendance	refresh	biometric-attendance-machine-price-in-india	biometric attendance machine price	GSC page 2c/204i/pos7.26	Procurement sheet: device, licence, enrolment, support, integration	C28	/features/attendance-automation;/calculators/attendance-admin-time	Biometric attendance machine price: include the hidden costs
B033	P2	Attendance	refresh	attendance-system-for-contract-labour	contract attendance	GSC query 0c/36i/pos8.19	Anonymised contractor roster and exception approval workflow	C28	/features/attendance-automation;/calculators/attendance-admin-time	Attendance systems for contract labour: reconcile contractors and shifts
B034	P2	Attendance	refresh	how-to-stop-proxy-attendance	proxy attendance	GSC query 0c/21i/pos9.57	Human-reviewed exception log and audit trail with appeal workflow	C25	/features/face-recognition;/calculators	How to stop proxy attendance without unfair deductions
B035	P2	Attendance	refresh	late-mark-policy-design	late mark	GSC query 0c/58i/pos8.16	Policy examples separating recorded arrival from authorised payroll decisions	C28	/features/attendance-automation;/calculators/attendance-admin-time	Design a late-mark policy that your attendance system can support
B036	P2	Attendance	refresh	biometric-attendance-payroll-integration	biometric attendance payroll integration	GSC page 1c/9i/pos5.89	Field mapping sheet with reconciliation totals and rejected-record handling	C28	/features/attendance-automation;/calculators/attendance-admin-time	Connect attendance to payroll without exporting errors
B037	P2	Attendance	refresh	night-shift-attendance-tracking	night shift attendance	GSC page 1c/48i/pos4.71	Worked overnight shift examples with explicit time zone and date ownership	C28	/features/attendance-automation;/calculators/attendance-admin-time	Manage night-shift attendance across midnight
B038	P2	Attendance	refresh	multi-location-attendance-management	multi location attendance management	hypothesis	Reconciliation design: local capture, central roles, connectivity failure	C27	/remote-cctv-monitoring;/calculators/multi-site-travel	One attendance view for multiple factories
B039	P2	Attendance	refresh	fingerprint-attendance-system-why-it-fails	fingerprint attendance not working	GSC page 0c/122i/pos7.46	Observed-failure checklist: dirty hands, device condition, enrolment alternatives	C28	/features/attendance-automation;/calculators/attendance-admin-time	Why fingerprint attendance fails at industrial gates
B040	P2	Attendance	new	attendance-admin-time-roi	attendance automation roi	hypothesis	Two-week time diary with payroll-correction minutes and realisation assumptions	C28	/features/attendance-automation;/calculators/attendance-admin-time	Reduce attendance administration: measure time before automating
B041	P1	ANPR and access	refresh	anpr-number-plate-recognition-when-it-works	anpr camera india	hypothesis	Day/night sample protocol: blur, dirty plates, angle, non-standard plates	C09	/anpr-number-plate-recognition;/calculators/anpr-gate-time	When Indian number-plate recognition works and when it fails
B042	P1	ANPR and access	new	anpr-gate-automation-cost-india	anpr camera price	hypothesis	Bill of scope: plate camera, software, barrier, safety sensors, installation	C09	/anpr-number-plate-recognition;/calculators/anpr-gate-time	ANPR gate automation cost: separate recognition from the barrier
B043	P2	ANPR and access	new	truck-entry-queue-time	truck gate management system	hypothesis	Arrival-rate and service-time worksheet with peak-hour bottleneck checks	C09	/anpr-number-plate-recognition;/calculators/anpr-gate-time	How to reduce truck queues at a factory entrance
B044	P2	ANPR and access	refresh	housing-society-gate-management	housing society gate management	hypothesis	Access approval and resident exception flow with limited retention	C09	/anpr-number-plate-recognition;/calculators/anpr-gate-time	Visitor vehicle logs for housing societies
B045	P2	ANPR and access	new	tailgating-detection-access-control	tailgating detection system	hypothesis	Paired-entry trials with authorised count, accessibility exceptions, human review	C13	/features/guides/tailgating;/calculators	Tailgating at access-controlled doors: what video can detect
B046	P2	ANPR and access	refresh	face-recognition-low-light-gate	face recognition low light	hypothesis	Enrolment and camera-position test with separate day/night error reporting	C25	/features/face-recognition;/calculators	Face recognition at a low-light gate: test before deployment
B047	P2	ANPR and access	refresh	masks-helmets-turbans-face-recognition	face recognition helmet mask	GSC page 3c/34i/pos3.68	Inclusive test protocol and non-biometric fallback; no demographic accuracy claims	C25	/features/face-recognition;/calculators	Do helmets, masks and turbans affect face attendance?
B048	P2	ANPR and access	new	anpr-vs-rfid-factory-gate	anpr vs rfid	hypothesis	Decision grid: enrolled fleets, visitors, plate readability, outage fallback	C09	/anpr-number-plate-recognition;/calculators/anpr-gate-time	ANPR versus RFID at a factory gate
B049	P2	ANPR and access	new	anpr-vehicle-history-permissions	vehicle entry exit log software	hypothesis	Role-permission matrix, retention schedule, export audit trail	C09	/anpr-number-plate-recognition;/calculators/anpr-gate-time	Search vehicle history without exposing everyone's movements
B050	P2	ANPR and access	new	anpr-pilot-accuracy-checklist	anpr accuracy testing	hypothesis	Ground-truth log: passages, exact reads, unread plates, false matches	C09	/anpr-number-plate-recognition;/calculators/anpr-gate-time	Measure ANPR pilot accuracy using a manual ground-truth log
B051	P1	Safety and counting	new	ppe-glove-detection-pilot	ppe detection ai	hypothesis	Annotate the approved glove demo; visible demonstration vs measured accuracy	C14	/features/guides/ppe-detection;/calculators	PPE glove detection: what PGAK's demonstration proves
B052	P1	Safety and counting	new	sack-counting-loading-bay	ai bag counting	hypothesis	Annotate PGAK's sack demo; tests for overlap, reverse travel, occlusion	C29	/platform/capabilities;/calculators	Sack counting at loading bays: avoid double counts
B053	P1	Safety and counting	new	hot-work-video-monitoring	hot work detection camera	hypothesis	Approved PGAK lab clip, permit boundaries and human escalation steps	C30	/platform/capabilities;/calculators	Hot-work monitoring with video: build a supervised pilot
B054	P2	Safety and counting	new	video-smoke-detection-limitations	video smoke detection	hypothesis	Vendor-supported tests and independent alarm requirements; no replacement claim	C20	/features/guides/smoke-flame;/calculators	Video smoke detection: where it complements certified alarms
B055	P2	Safety and counting	new	weapon-detection-cctv-evaluation	weapon detection camera	hypothesis	Model provenance, permitted test material, false-positive escalation questionnaire	C21	/features/guides/weapon-detection;/calculators	Weapon detection CCTV: questions to ask before buying
B056	P2	Safety and counting	new	abandoned-object-detection-evaluation	abandoned object detection	hypothesis	Dwell-time and removal scenarios with lighting, owner return, human verification	C22	/features/guides/abandoned-object;/calculators	Abandoned and removed object alerts in public areas
B057	P2	Safety and counting	new	ppe-detection-site-acceptance	ppe compliance monitoring	hypothesis	Zone, task, PPE class and occlusion acceptance matrix	C14	/features/guides/ppe-detection;/calculators	PPE detection at a factory: define what counts as a violation
B058	P2	Safety and counting	new	carton-counting-video-pilot	carton counting camera	hypothesis	Controlled count run with batch reconciliation and independent reference count	C29	/platform/capabilities;/calculators	Count cartons on conveyors without treating video as a certified scale
B059	P2	Safety and counting	new	sound-classification-cctv-evaluation	audio analytics security camera	hypothesis	Consent-aware commissioning checklist and noise-confusion evaluation	C17	/features/guides/sound-classification;/calculators	Sound classification in CCTV: assess microphone and privacy requirements
B060	P2	Safety and counting	new	video-near-miss-review-workflow	video analytics ehs safety	hypothesis	Restricted-access review template with de-identification and corrective actions	C03	/features/guides/event-summaries;/calculators/investigation-time	How to record near-miss video safely for an EHS review
B061	P2	Retail and sites	refresh	people-counting-footfall-cctv	people counting cctv	hypothesis	Doorway ground-truth exercise: staff, re-entry, groups	C11	/features/guides/people-counting;/calculators/retail-contribution	Use CCTV people counting to understand store footfall
B062	P2	Retail and sites	new	queue-analytics-retail-roi	queue management video analytics	hypothesis	Queue observation sheet linking abandonment to contribution margin	C12	/features/guides/queue-analytics;/calculators/retail-contribution	Queue analytics: calculate the value of shorter waiting time
B063	P2	Retail and sites	new	retail-heat-map-layout-testing	retail heat map analytics	hypothesis	Controlled layout comparison with transaction counts and confounders	C12	/features/guides/queue-analytics;/calculators/retail-contribution	Retail heat maps: turn movement data into a testable change
B064	P2	Retail and sites	refresh	showroom-retail-shrinkage	retail shrinkage cctv	hypothesis	Stock-loss reconciliation and incident review; no assumed loss-elimination rate	C02	/features/guides/cross-camera-search;/calculators/investigation-time	Reduce showroom shrinkage with a documented investigation workflow
B065	P2	Retail and sites	refresh	textile-unit-security-attendance	textile factory cctv	hypothesis	Site zoning worksheet and verified-use-case priority map	C28	/features/attendance-automation;/calculators/attendance-admin-time	CCTV for a textile unit: security, shifts and loading bays
B066	P2	Retail and sites	refresh	rice-sheller-grain-mandi-security	rice mill cctv security	hypothesis	Loading-bay camera checklist: dust, overlap, truck movement	C29	/platform/capabilities;/calculators	Grain mandi and rice sheller cameras: count movement and investigate discrepancies
B067	P2	Retail and sites	refresh	cold-storage-monitoring-cameras	cold storage cctv	hypothesis	Environmental compatibility and maintenance checklist from verified specifications	C31	/platform/capabilities;/calculators	Cold-storage CCTV: handle condensation, outages and restricted access
B068	P2	Retail and sites	new	school-gate-security-workflow	school gate security system	GSC query 1c/3i/pos7	Visitor identity, authorised pickup and child-data minimisation requirements	C13	/features/guides/tailgating;/calculators	School gate security: design a supervised visitor workflow
B069	P2	Retail and sites	new	hospital-video-analytics-planning	hospital cctv and access control	GSC query 0c/13i/pos64.46	Zone-by-zone privacy and patient-flow planning matrix; no clinical claims	C12	/features/guides/queue-analytics;/calculators/retail-contribution	Hospital video analytics: prioritise queues, access and privacy
B070	P1	Retail and sites	refresh	how-many-cameras-does-a-warehouse-need	warehouse cctv camera requirements	GSC page 0c/27i/pos5.07	Dimensioned layout example: general coverage, faces, plates	C07	/features/intrusion-alerts;/calculators/false-alarm-cost	Warehouse CCTV camera count: start with tasks and coverage
B071	P2	Investigation and integration	new	natural-language-cctv-search-evaluation	natural language video search	hypothesis	Ground-truth retrieval benchmark with ordinary-language queries and missed matches	C01	/features/guides/natural-language-search;/calculators/investigation-time	Search CCTV by description: evaluate natural-language footage search
B072	P2	Investigation and integration	new	cross-camera-search-evaluation	cross camera search	hypothesis	Timed investigation exercise with handoff gaps and false-match review	C02	/features/guides/cross-camera-search;/calculators/investigation-time	Cross-camera search: measure investigation time without promising perfect tracking
B073	P2	Investigation and integration	new	ai-video-event-summary-review	ai video event summary	hypothesis	Summary-versus-source checklist marking unsupported statements and timestamps	C03	/features/guides/event-summaries;/calculators/investigation-time	AI event summaries: check every conclusion against the video
B074	P2	Investigation and integration	new	custom-text-video-alerts	custom ai video alerts	hypothesis	Rule-to-test matrix: ambiguous language, schedules, negative examples	C04	/features/guides/custom-text-alerts;/calculators/false-alarm-cost	Custom text alerts: translate a business rule into an acceptance test
B075	P2	Investigation and integration	new	ptz-auto-tracking-limitations	ptz auto tracking camera	hypothesis	Coverage comparison: fixed cameras vs tracked scene	C10	/features/guides/ptz-tracking;/calculators	PTZ auto-tracking: understand blind spots while the camera moves
B076	P2	Investigation and integration	new	onsite-video-ai-tuning	video analytics model tuning	hypothesis	Held-out evaluation set, change log and rollback checklist	C15	/features/guides/onsite-learning;/calculators/false-alarm-cost	On-site model tuning: what to measure before and after
B077	P2	Investigation and integration	new	privacy-masking-video-export	cctv privacy masking	hypothesis	Export test proving masks persist and originals have restricted access	C18	/features/guides/privacy-masking;/calculators	Privacy masking: calculate redaction workload and verify exports
B078	P2	Investigation and integration	new	onvif-ai-compatibility-checklist	onvif camera compatibility	hypothesis	Per-model profile, stream, event and credential checklist	C24	/features/guides/onvif-integration;/calculators/retrofit-vs-replacement	ONVIF does not mean every AI function is compatible
B079	P1	Investigation and integration	new	remote-cctv-multi-site-roi	remote cctv monitoring	GSC query 0c/2i/pos35.5	Travel diary with visits genuinely replaceable by remote review	C27	/remote-cctv-monitoring;/calculators/multi-site-travel	Remote CCTV monitoring across sites: calculate travel avoided
B080	P1	Investigation and integration	new	camera-health-monitoring-requirements	cctv health monitoring	hypothesis	Synthetic failure checklist and escalation latency measurement	C31	/platform/capabilities;/calculators	Camera health monitoring: design alerts that detect actual recording failure
B081	P3	Privacy and governance	refresh	is-ai-cctv-legal-in-india-dpdp-act	is ai cctv legal in india	GSC page 4c/98i/pos6.72	Dated official-source legal review checklist; counsel sign-off before publication	C18	/features/guides/privacy-masking;/calculators	AI CCTV and privacy in India: questions your deployment must answer
B082	P3	Privacy and governance	refresh	employee-refuses-biometric-consent	employee refuses biometric attendance	GSC page 5c/208i/pos5.57	Alternative attendance workflow, notice and escalation, reviewed by counsel	C28	/features/attendance-automation;/calculators/attendance-admin-time	What if an employee refuses biometric attendance?
B083	P3	Privacy and governance	refresh	attendance-records-law-india	attendance records law india	GSC page 1c/464i/pos5.31	Jurisdiction-and-record-type source table reviewed by counsel; no universal period	C28	/features/attendance-automation;/calculators/attendance-admin-time	Attendance records in India: retention depends on your obligations
B084	P3	Privacy and governance	refresh	cctv-signage-requirements-india	cctv signage requirements india	hypothesis	Plain-language notice template linked to actual data practices	C18	/features/guides/privacy-masking;/calculators	CCTV signage in India: information a notice should explain
B085	P3	Privacy and governance	refresh	cctv-footage-legal-evidence-india	cctv footage evidence india	hypothesis	Export and chain-of-custody checklist with current official legal references	C03	/features/guides/event-summaries;/calculators/investigation-time	Use CCTV footage as evidence: preserve the original and audit trail
B086	P3	Privacy and governance	refresh	aadhaar-based-attendance-and-aebas-explained	aebas meaning	GSC query 0c/18i/pos9.22	Official AEBAS sources and explicit separation from private face-attendance offers	C28	/features/attendance-automation;/calculators/attendance-admin-time	AEBAS explained: when it is relevant and what PGAK is not claiming
B087	P3	Privacy and governance	refresh	cctv-new-rule-2026-india-stqc-er-compliance	cctv new rule 2026 india	GSC page 3c/106i/pos5.52	Dated notification and model-certificate checklist; no unsupported badges	C24	/features/guides/onvif-integration;/calculators/retrofit-vs-replacement	CCTV procurement and STQC requirements: verify the exact equipment
B088	P3	Privacy and governance	new	cctv-role-based-access-policy	cctv access control policy	hypothesis	Role matrix: viewing, export, administration, deletion	C18	/features/guides/privacy-masking;/calculators	Who should access footage? Design roles before deployment
B089	P3	Privacy and governance	refresh	attendance-data-retention-what-to-delete	attendance data retention	GSC page 1c/116i/pos5.94	Record inventory, retention authority and deletion verification workflow	C28	/features/attendance-automation;/calculators/attendance-admin-time	How to delete attendance data without breaking an audit trail
B090	P3	Privacy and governance	new	face-recognition-human-review-policy	face recognition false match	hypothesis	Documented review steps and alternatives to automated denial or punishment	C25	/features/face-recognition;/calculators	Buying face recognition: insist on a human-review and appeal process
B091	P1	Local and procurement	refresh	how-to-choose-a-cctv-installation-company	cctv installation company ludhiana	GSC page 0c/28i/pos10.86	Local site-survey checklist, actual service area, transparent commissioning scope	C24	/features/guides/onvif-integration;/calculators/retrofit-vs-replacement	How to choose a CCTV installation company in Ludhiana
B092	P1	Local and procurement	new	ludhiana-factory-cctv-site-survey	factory cctv ludhiana	hypothesis	Printable survey: gate, production, dispatch, night lighting, support access	C07	/features/intrusion-alerts;/calculators/false-alarm-cost	Factory CCTV site-survey checklist for Ludhiana manufacturers
B093	P1	Local and procurement	new	ai-cctv-proposal-comparison-checklist	ai cctv quotation	hypothesis	Line-item procurement template with exclusions, renewals, acceptance criteria	C05	/features/guides/edge-ai;/calculators/bandwidth-and-cloud-cost	AI CCTV proposal checklist: compare scope line by line
B094	P2	Local and procurement	new	cctv-dealer-ai-project-margin	cctv dealer ai analytics	hypothesis	Partner delivery worksheet: licences, site work, support, collections, responsibilities	C24	/features/guides/onvif-integration;/calculators/retrofit-vs-replacement	CCTV dealer to analytics partner: calculate a project's delivery margin
B095	P2	Local and procurement	new	nri-property-security-plan	nri property security india	hypothesis	Response-contact and outage plan: remote viewing vs local intervention	C27	/remote-cctv-monitoring;/calculators/multi-site-travel	A remote property security plan for NRI owners
B096	P2	Local and procurement	refresh	ai-cctv-for-small-shops-worth-it	ai cctv small shop	GSC page 0c/11i/pos6.55	Break-even example where benefits fail to cover cost and a simpler alternative fits	C11	/features/guides/people-counting;/calculators/retail-contribution	When AI CCTV is not worth buying for a small shop
B097	P2	Local and procurement	refresh	what-to-do-day-after-a-theft	how to recover cctv footage after theft	hypothesis	Preserve-recording and authorised export steps without forensic guarantees	C02	/features/guides/cross-camera-search;/calculators/investigation-time	What to do the day after a theft: a footage recovery checklist
B098	P2	Local and procurement	new	ai-cctv-support-sla-checklist	ai cctv maintenance support	hypothesis	Support hours, response vs resolution, replacement responsibility template	C31	/platform/capabilities;/calculators	What should be in an AI CCTV maintenance and support SLA?
B099	P1	Local and procurement	new	ai-cctv-30-day-value-review	ai cctv roi	hypothesis	Baseline-vs-pilot ledger: hours freed, cash saved, unproven risk reductions	C26	/features/false-alarm-filtering;/calculators/false-alarm-cost	How to measure AI CCTV value after 30 days
B100	P1	Local and procurement	new	factory-owner-cctv-buying-checklist	industrial cctv system	hypothesis	Printable handover checklist: permissions, retention, evidence, tested response routes	C07	/features/intrusion-alerts;/calculators/false-alarm-cost	CCTV buying checklist for a factory owner: from site survey to handover
