"keyword","intent","approximate_monthly_demand_india","paid_competition_not_seo_difficulty","bid_low_inr","bid_high_inr","organic_difficulty","funnel_stage","buyer","region","current_ranking","current_ranking_url","SERP_competitors","target_url","page_exists","action","lead_priority","source"
"AI intruder detection","COMMERCIAL INVESTIGATION","unavailable","unavailable","","","unavailable","evaluation","security / facilities / operations buyer","India","unavailable: GSC access denied","unavailable","Sieora; Proeffico; CoCompanion","/ai-intruder-detection","yes","retain URL; clarify intent; assessment CTA","P2","existing PGAK product taxonomy; demand unverified"
"intrusion detection system","COMMERCIAL INVESTIGATION","unavailable","unavailable","","","unavailable","evaluation","security / facilities / operations buyer","India","unavailable: GSC access denied","unavailable","Sieora; Proeffico; CoCompanion","/ai-intruder-detection","yes","retain URL; clarify intent; assessment CTA","P2","existing PGAK product taxonomy; demand unverified"
"AI CCTV camera","COMMERCIAL INVESTIGATION","unavailable","unavailable","","","unavailable","evaluation","security / facilities / operations buyer","India","unavailable: GSC access denied","unavailable","Sieora; Proeffico; CoCompanion","/ai-intruder-detection","yes","retain URL; clarify intent; assessment CTA","P2","existing PGAK product taxonomy; demand unverified"
"real-time trespass alerts","COMMERCIAL INVESTIGATION","unavailable","unavailable","","","unavailable","evaluation","security / facilities / operations buyer","India","unavailable: GSC access denied","unavailable","Sieora; Proeffico; CoCompanion","/ai-intruder-detection","yes","retain URL; clarify intent; assessment CTA","P2","existing PGAK product taxonomy; demand unverified"
"perimeter breach detection","COMMERCIAL INVESTIGATION","unavailable","unavailable","","","unavailable","evaluation","security / facilities / operations buyer","India","unavailable: GSC access denied","unavailable","Sieora; Proeffico; CoCompanion","/ai-intruder-detection","yes","retain URL; clarify intent; assessment CTA","P2","existing PGAK product taxonomy; demand unverified"
"smart security system","COMMERCIAL INVESTIGATION","unavailable","unavailable","","","unavailable","evaluation","security / facilities / operations buyer","India","unavailable: GSC access denied","unavailable","Sieora; Proeffico; CoCompanion","/ai-intruder-detection","yes","retain URL; clarify intent; assessment CTA","P2","existing PGAK product taxonomy; demand unverified"
"AI CCTV camera for warehouses","COMMERCIAL INVESTIGATION","unavailable","unavailable","","","unavailable","evaluation","security / facilities / operations buyer","India","unavailable: GSC access denied","unavailable","Sieora; Proeffico; CoCompanion","/ai-cctv-for-warehouses","yes","retain URL; clarify intent; assessment CTA","P1","existing PGAK product taxonomy; demand unverified"
"warehouse security","COMMERCIAL INVESTIGATION","unavailable","unavailable","","","unavailable","evaluation","security / facilities / operations buyer","India","unavailable: GSC access denied","unavailable","Sieora; Proeffico; CoCompanion","/ai-cctv-for-warehouses","yes","retain URL; clarify intent; assessment CTA","P1","existing PGAK product taxonomy; demand unverified"
"warehouse theft prevention","COMMERCIAL INVESTIGATION","unavailable","unavailable","","","unavailable","evaluation","security / facilities / operations buyer","India","unavailable: GSC access denied","unavailable","Sieora; Proeffico; CoCompanion","/ai-cctv-for-warehouses","yes","retain URL; clarify intent; assessment CTA","P1","existing PGAK product taxonomy; demand unverified"
"loading bay monitoring","COMMERCIAL INVESTIGATION","unavailable","unavailable","","","unavailable","evaluation","security / facilities / operations buyer","India","unavailable: GSC access denied","unavailable","Sieora; Proeffico; CoCompanion","/ai-cctv-for-warehouses","yes","retain URL; clarify intent; assessment CTA","P1","existing PGAK product taxonomy; demand unverified"
"inventory shrinkage","COMMERCIAL INVESTIGATION","unavailable","unavailable","","","unavailable","evaluation","security / facilities / operations buyer","India","unavailable: GSC access denied","unavailable","Sieora; Proeffico; CoCompanion","/ai-cctv-for-warehouses","yes","retain URL; clarify intent; assessment CTA","P1","existing PGAK product taxonomy; demand unverified"
"business CCTV","COMMERCIAL INVESTIGATION","unavailable","unavailable","","","unavailable","evaluation","security / facilities / operations buyer","India","unavailable: GSC access denied","unavailable","Sieora; Proeffico; CoCompanion","/ai-cctv-for-warehouses","yes","retain URL; clarify intent; assessment CTA","P1","existing PGAK product taxonomy; demand unverified"
"AI CCTV for offices","COMMERCIAL INVESTIGATION","unavailable","unavailable","","","unavailable","evaluation","security / facilities / operations buyer","India","unavailable: GSC access denied","unavailable","Sieora; Proeffico; CoCompanion","/ai-cctv-for-offices","yes","retain URL; clarify intent; assessment CTA","P2","existing PGAK product taxonomy; demand unverified"
"office security system","COMMERCIAL INVESTIGATION","unavailable","unavailable","","","unavailable","evaluation","security / facilities / operations buyer","India","unavailable: GSC access denied","unavailable","Sieora; Proeffico; CoCompanion","/ai-cctv-for-offices","yes","retain URL; clarify intent; assessment CTA","P2","existing PGAK product taxonomy; demand unverified"
"workplace access monitoring","COMMERCIAL INVESTIGATION","unavailable","unavailable","","","unavailable","evaluation","security / facilities / operations buyer","India","unavailable: GSC access denied","unavailable","Sieora; Proeffico; CoCompanion","/ai-cctv-for-offices","yes","retain URL; clarify intent; assessment CTA","P2","existing PGAK product taxonomy; demand unverified"
"tailgating detection","COMMERCIAL INVESTIGATION","unavailable","unavailable","","","unavailable","evaluation","security / facilities / operations buyer","India","unavailable: GSC access denied","unavailable","Sieora; Proeffico; CoCompanion","/ai-cctv-for-offices","yes","retain URL; clarify intent; assessment CTA","P2","existing PGAK product taxonomy; demand unverified"
"after-hours office intrusion","COMMERCIAL INVESTIGATION","unavailable","unavailable","","","unavailable","evaluation","security / facilities / operations buyer","India","unavailable: GSC access denied","unavailable","Sieora; Proeffico; CoCompanion","/ai-cctv-for-offices","yes","retain URL; clarify intent; assessment CTA","P2","existing PGAK product taxonomy; demand unverified"
"factory security system","COMMERCIAL INVESTIGATION","unavailable","unavailable","","","unavailable","evaluation","security / facilities / operations buyer","India","unavailable: GSC access denied","unavailable","Sieora; Proeffico; CoCompanion","/factory-security","yes","retain URL; clarify intent; assessment CTA","P1","existing PGAK product taxonomy; demand unverified"
"industrial CCTV","COMMERCIAL INVESTIGATION","unavailable","unavailable","","","unavailable","evaluation","security / facilities / operations buyer","India","unavailable: GSC access denied","unavailable","Sieora; Proeffico; CoCompanion","/factory-security","yes","retain URL; clarify intent; assessment CTA","P1","existing PGAK product taxonomy; demand unverified"
"factory gate attendance","COMMERCIAL INVESTIGATION","unavailable","unavailable","","","unavailable","evaluation","security / facilities / operations buyer","India","unavailable: GSC access denied","unavailable","Sieora; Proeffico; CoCompanion","/factory-security","yes","retain URL; clarify intent; assessment CTA","P1","existing PGAK product taxonomy; demand unverified"
"safety compliance monitoring","COMMERCIAL INVESTIGATION","unavailable","unavailable","","","unavailable","evaluation","security / facilities / operations buyer","India","unavailable: GSC access denied","unavailable","Sieora; Proeffico; CoCompanion","/factory-security","yes","retain URL; clarify intent; assessment CTA","P1","existing PGAK product taxonomy; demand unverified"
"plant perimeter security","COMMERCIAL INVESTIGATION","unavailable","unavailable","","","unavailable","evaluation","security / facilities / operations buyer","India","unavailable: GSC access denied","unavailable","Sieora; Proeffico; CoCompanion","/factory-security","yes","retain URL; clarify intent; assessment CTA","P1","existing PGAK product taxonomy; demand unverified"
"retail shop security system","COMMERCIAL INVESTIGATION","unavailable","unavailable","","","unavailable","evaluation","security / facilities / operations buyer","India","unavailable: GSC access denied","unavailable","Sieora; Proeffico; CoCompanion","/retail-shop-security","yes","retain URL; clarify intent; assessment CTA","P2","existing PGAK product taxonomy; demand unverified"
"shop CCTV camera","COMMERCIAL INVESTIGATION","unavailable","unavailable","","","unavailable","evaluation","security / facilities / operations buyer","India","unavailable: GSC access denied","unavailable","Sieora; Proeffico; CoCompanion","/retail-shop-security","yes","retain URL; clarify intent; assessment CTA","P2","existing PGAK product taxonomy; demand unverified"
"shoplifting prevention","COMMERCIAL INVESTIGATION","unavailable","unavailable","","","unavailable","evaluation","security / facilities / operations buyer","India","unavailable: GSC access denied","unavailable","Sieora; Proeffico; CoCompanion","/retail-shop-security","yes","retain URL; clarify intent; assessment CTA","P2","existing PGAK product taxonomy; demand unverified"
"store loss prevention","COMMERCIAL INVESTIGATION","unavailable","unavailable","","","unavailable","evaluation","security / facilities / operations buyer","India","unavailable: GSC access denied","unavailable","Sieora; Proeffico; CoCompanion","/retail-shop-security","yes","retain URL; clarify intent; assessment CTA","P2","existing PGAK product taxonomy; demand unverified"
"smart home security system","COMMERCIAL INVESTIGATION","unavailable","unavailable","","","unavailable","evaluation","security / facilities / operations buyer","India","unavailable: GSC access denied","unavailable","Sieora; Proeffico; CoCompanion","/residential-security","yes","retain URL; clarify intent; assessment CTA","P2","existing PGAK product taxonomy; demand unverified"
"residential CCTV","COMMERCIAL INVESTIGATION","unavailable","unavailable","","","unavailable","evaluation","security / facilities / operations buyer","India","unavailable: GSC access denied","unavailable","Sieora; Proeffico; CoCompanion","/residential-security","yes","retain URL; clarify intent; assessment CTA","P2","existing PGAK product taxonomy; demand unverified"
"society gate security","COMMERCIAL INVESTIGATION","unavailable","unavailable","","","unavailable","evaluation","security / facilities / operations buyer","India","unavailable: GSC access denied","unavailable","Sieora; Proeffico; CoCompanion","/residential-security","yes","retain URL; clarify intent; assessment CTA","P2","existing PGAK product taxonomy; demand unverified"
"home intruder alert","COMMERCIAL INVESTIGATION","unavailable","unavailable","","","unavailable","evaluation","security / facilities / operations buyer","India","unavailable: GSC access denied","unavailable","Sieora; Proeffico; CoCompanion","/residential-security","yes","retain URL; clarify intent; assessment CTA","P2","existing PGAK product taxonomy; demand unverified"
"AI CCTV camera for home","COMMERCIAL INVESTIGATION","unavailable","unavailable","","","unavailable","evaluation","security / facilities / operations buyer","India","unavailable: GSC access denied","unavailable","Sieora; Proeffico; CoCompanion","/residential-security","yes","retain URL; clarify intent; assessment CTA","P2","existing PGAK product taxonomy; demand unverified"
"visitor management","COMMERCIAL INVESTIGATION","unavailable","unavailable","","","unavailable","evaluation","security / facilities / operations buyer","India","unavailable: GSC access denied","unavailable","Sieora; Proeffico; CoCompanion","/residential-security","yes","retain URL; clarify intent; assessment CTA","P2","existing PGAK product taxonomy; demand unverified"
"school security system","COMMERCIAL INVESTIGATION","unavailable","unavailable","","","unavailable","evaluation","security / facilities / operations buyer","India","unavailable: GSC access denied","unavailable","Sieora; Proeffico; CoCompanion","/school-security","yes","retain URL; clarify intent; assessment CTA","P2","existing PGAK product taxonomy; demand unverified"
"campus CCTV","COMMERCIAL INVESTIGATION","unavailable","unavailable","","","unavailable","evaluation","security / facilities / operations buyer","India","unavailable: GSC access denied","unavailable","Sieora; Proeffico; CoCompanion","/school-security","yes","retain URL; clarify intent; assessment CTA","P2","existing PGAK product taxonomy; demand unverified"
"student attendance system","COMMERCIAL INVESTIGATION","unavailable","unavailable","","","unavailable","evaluation","security / facilities / operations buyer","India","unavailable: GSC access denied","unavailable","Sieora; Proeffico; CoCompanion","/school-security","yes","retain URL; clarify intent; assessment CTA","P2","existing PGAK product taxonomy; demand unverified"
"school gate monitoring","COMMERCIAL INVESTIGATION","unavailable","unavailable","","","unavailable","evaluation","security / facilities / operations buyer","India","unavailable: GSC access denied","unavailable","Sieora; Proeffico; CoCompanion","/school-security","yes","retain URL; clarify intent; assessment CTA","P2","existing PGAK product taxonomy; demand unverified"
"unauthorised visitor detection","COMMERCIAL INVESTIGATION","unavailable","unavailable","","","unavailable","evaluation","security / facilities / operations buyer","India","unavailable: GSC access denied","unavailable","Sieora; Proeffico; CoCompanion","/school-security","yes","retain URL; clarify intent; assessment CTA","P2","existing PGAK product taxonomy; demand unverified"
"hospital security system","COMMERCIAL INVESTIGATION","unavailable","unavailable","","","unavailable","evaluation","security / facilities / operations buyer","India","unavailable: GSC access denied","unavailable","Sieora; Proeffico; CoCompanion","/hospital-security","yes","retain URL; clarify intent; assessment CTA","P2","existing PGAK product taxonomy; demand unverified"
"healthcare CCTV","COMMERCIAL INVESTIGATION","unavailable","unavailable","","","unavailable","evaluation","security / facilities / operations buyer","India","unavailable: GSC access denied","unavailable","Sieora; Proeffico; CoCompanion","/hospital-security","yes","retain URL; clarify intent; assessment CTA","P2","existing PGAK product taxonomy; demand unverified"
"patient safety monitoring","COMMERCIAL INVESTIGATION","unavailable","unavailable","","","unavailable","evaluation","security / facilities / operations buyer","India","unavailable: GSC access denied","unavailable","Sieora; Proeffico; CoCompanion","/hospital-security","yes","retain URL; clarify intent; assessment CTA","P2","existing PGAK product taxonomy; demand unverified"
"restricted ward access","COMMERCIAL INVESTIGATION","unavailable","unavailable","","","unavailable","evaluation","security / facilities / operations buyer","India","unavailable: GSC access denied","unavailable","Sieora; Proeffico; CoCompanion","/hospital-security","yes","retain URL; clarify intent; assessment CTA","P2","existing PGAK product taxonomy; demand unverified"
"hospital visitor management","COMMERCIAL INVESTIGATION","unavailable","unavailable","","","unavailable","evaluation","security / facilities / operations buyer","India","unavailable: GSC access denied","unavailable","Sieora; Proeffico; CoCompanion","/hospital-security","yes","retain URL; clarify intent; assessment CTA","P2","existing PGAK product taxonomy; demand unverified"
"smart perimeter protection","COMMERCIAL INVESTIGATION","unavailable","unavailable","","","unavailable","evaluation","security / facilities / operations buyer","India","unavailable: GSC access denied","unavailable","Sieora; Proeffico; CoCompanion","/smart-perimeter-protection","yes","retain URL; clarify intent; assessment CTA","P2","existing PGAK product taxonomy; demand unverified"
"virtual fence detection","COMMERCIAL INVESTIGATION","unavailable","unavailable","","","unavailable","evaluation","security / facilities / operations buyer","India","unavailable: GSC access denied","unavailable","Sieora; Proeffico; CoCompanion","/smart-perimeter-protection","yes","retain URL; clarify intent; assessment CTA","P2","existing PGAK product taxonomy; demand unverified"
"perimeter intrusion detection system","COMMERCIAL INVESTIGATION","unavailable","unavailable","","","unavailable","evaluation","security / facilities / operations buyer","India","unavailable: GSC access denied","unavailable","Sieora; Proeffico; CoCompanion","/smart-perimeter-protection","yes","retain URL; clarify intent; assessment CTA","P2","existing PGAK product taxonomy; demand unverified"
"boundary breach alerts","COMMERCIAL INVESTIGATION","unavailable","unavailable","","","unavailable","evaluation","security / facilities / operations buyer","India","unavailable: GSC access denied","unavailable","Sieora; Proeffico; CoCompanion","/smart-perimeter-protection","yes","retain URL; clarify intent; assessment CTA","P2","existing PGAK product taxonomy; demand unverified"
"trespass detection","COMMERCIAL INVESTIGATION","unavailable","unavailable","","","unavailable","evaluation","security / facilities / operations buyer","India","unavailable: GSC access denied","unavailable","Sieora; Proeffico; CoCompanion","/smart-perimeter-protection","yes","retain URL; clarify intent; assessment CTA","P2","existing PGAK product taxonomy; demand unverified"
"biometric attendance","COMMERCIAL INVESTIGATION","unavailable","unavailable","","","unavailable","evaluation","HR / operations manager","India","unavailable: GSC access denied","unavailable","Sieora; Proeffico; CoCompanion","/biometric-attendance","yes","retain URL; clarify intent; assessment CTA","P2","existing PGAK product taxonomy; demand unverified"
"biometric attendance system","COMMERCIAL INVESTIGATION","unavailable","unavailable","","","unavailable","evaluation","HR / operations manager","India","unavailable: GSC access denied","unavailable","Sieora; Proeffico; CoCompanion","/biometric-attendance","yes","retain URL; clarify intent; assessment CTA","P2","existing PGAK product taxonomy; demand unverified"
"fingerprint attendance system","COMMERCIAL INVESTIGATION","unavailable","unavailable","","","unavailable","evaluation","HR / operations manager","India","unavailable: GSC access denied","unavailable","Sieora; Proeffico; CoCompanion","/biometric-attendance","yes","retain URL; clarify intent; assessment CTA","P2","existing PGAK product taxonomy; demand unverified"
"face recognition attendance","COMMERCIAL INVESTIGATION","unavailable","unavailable","","","unavailable","evaluation","HR / operations manager","India","unavailable: GSC access denied","unavailable","Sieora; Proeffico; CoCompanion","/biometric-attendance","yes","retain URL; clarify intent; assessment CTA","P2","existing PGAK product taxonomy; demand unverified"
"ai cctv camera for attendance","COMMERCIAL INVESTIGATION","unavailable","unavailable","","","unavailable","evaluation","HR / operations manager","India","unavailable: GSC access denied","unavailable","Sieora; Proeffico; CoCompanion","/biometric-attendance","yes","retain URL; clarify intent; assessment CTA","P2","existing PGAK product taxonomy; demand unverified"
"ai attendance system","COMMERCIAL INVESTIGATION","100–1K","Low","26.46","100.90","unavailable","evaluation","HR / operations manager","India","unavailable: GSC access denied","unavailable","Sieora; Proeffico; CoCompanion","/face-recognition-attendance-system","yes","retain URL; clarify intent; assessment CTA","P1","Google Keyword Planner; India; English; last 12 months; accessed 2026-09-18"
"face recognition attendance system","COMMERCIAL INVESTIGATION","1K–10K","Medium","30.36","184.20","unavailable","evaluation","HR / operations manager","India","unavailable: GSC access denied","unavailable","Sieora; Proeffico; CoCompanion","/face-recognition-attendance-system","yes","retain URL; clarify intent; assessment CTA","P1","Google Keyword Planner; India; English; last 12 months; accessed 2026-09-18"
"face attendance system","COMMERCIAL INVESTIGATION","100–1K","Medium","38.46","195.92","unavailable","evaluation","HR / operations manager","India","unavailable: GSC access denied","unavailable","Sieora; Proeffico; CoCompanion","/face-recognition-attendance-system","yes","retain URL; clarify intent; assessment CTA","P1","Google Keyword Planner; India; English; last 12 months; accessed 2026-09-18"
"attendance system using face recognition","COMMERCIAL INVESTIGATION","100–1K","Medium","39.60","268.18","unavailable","evaluation","HR / operations manager","India","unavailable: GSC access denied","unavailable","Sieora; Proeffico; CoCompanion","/face-recognition-attendance-system","yes","retain URL; clarify intent; assessment CTA","P1","Google Keyword Planner; India; English; last 12 months; accessed 2026-09-18"
"face id attendance system","COMMERCIAL INVESTIGATION","unavailable","unavailable","","","unavailable","evaluation","HR / operations manager","India","unavailable: GSC access denied","unavailable","Sieora; Proeffico; CoCompanion","/face-recognition-attendance-system","yes","retain URL; clarify intent; assessment CTA","P1","existing PGAK product taxonomy; demand unverified"
"face detection attendance system","COMMERCIAL INVESTIGATION","unavailable","unavailable","","","unavailable","evaluation","HR / operations manager","India","unavailable: GSC access denied","unavailable","Sieora; Proeffico; CoCompanion","/face-recognition-attendance-system","yes","retain URL; clarify intent; assessment CTA","P1","existing PGAK product taxonomy; demand unverified"
"camera based attendance system","COMMERCIAL INVESTIGATION","unavailable","unavailable","","","unavailable","evaluation","HR / operations manager","India","unavailable: GSC access denied","unavailable","Sieora; Proeffico; CoCompanion","/face-recognition-attendance-system","yes","retain URL; clarify intent; assessment CTA","P1","existing PGAK product taxonomy; demand unverified"
"CCTV attendance system","COMMERCIAL INVESTIGATION","unavailable","unavailable","","","unavailable","evaluation","HR / operations manager","India","unavailable: GSC access denied","unavailable","Sieora; Proeffico; CoCompanion","/face-recognition-attendance-system","yes","retain URL; clarify intent; assessment CTA","P1","existing PGAK product taxonomy; demand unverified"
"CCTV installation company","COMMERCIAL INVESTIGATION","unavailable","unavailable","","","unavailable","evaluation","security / facilities / operations buyer","India","unavailable: GSC access denied","unavailable","Sieora; Proeffico; CoCompanion","/cctv-installation-company","yes","retain URL; clarify intent; assessment CTA","P2","existing PGAK product taxonomy; demand unverified"
"cctv installation companies near me","COMMERCIAL INVESTIGATION","unavailable","unavailable","","","unavailable","evaluation","security / facilities / operations buyer","India","unavailable: GSC access denied","unavailable","Sieora; Proeffico; CoCompanion","/cctv-installation-company","yes","retain URL; clarify intent; assessment CTA","P2","existing PGAK product taxonomy; demand unverified"
"cctv companies near me","COMMERCIAL INVESTIGATION","unavailable","unavailable","","","unavailable","evaluation","security / facilities / operations buyer","India","unavailable: GSC access denied","unavailable","Sieora; Proeffico; CoCompanion","/cctv-installation-company","yes","retain URL; clarify intent; assessment CTA","P2","existing PGAK product taxonomy; demand unverified"
"camera installation service near me","COMMERCIAL INVESTIGATION","unavailable","unavailable","","","unavailable","evaluation","security / facilities / operations buyer","India","unavailable: GSC access denied","unavailable","Sieora; Proeffico; CoCompanion","/cctv-installation-company","yes","retain URL; clarify intent; assessment CTA","P2","existing PGAK product taxonomy; demand unverified"
"cctv camera providers near me","COMMERCIAL INVESTIGATION","unavailable","unavailable","","","unavailable","evaluation","security / facilities / operations buyer","India","unavailable: GSC access denied","unavailable","Sieora; Proeffico; CoCompanion","/cctv-installation-company","yes","retain URL; clarify intent; assessment CTA","P2","existing PGAK product taxonomy; demand unverified"
"cctv installation service","COMMERCIAL INVESTIGATION","unavailable","unavailable","","","unavailable","evaluation","security / facilities / operations buyer","India","unavailable: GSC access denied","unavailable","Sieora; Proeffico; CoCompanion","/cctv-installation-company","yes","retain URL; clarify intent; assessment CTA","P2","existing PGAK product taxonomy; demand unverified"
"video analytics software","COMMERCIAL INVESTIGATION","unavailable","unavailable","","","unavailable","evaluation","security / facilities / operations buyer","India","unavailable: GSC access denied","unavailable","Sieora; Proeffico; CoCompanion","/video-analytics-software","yes","retain URL; clarify intent; assessment CTA","P1","existing PGAK product taxonomy; demand unverified"
"video analytics solutions","COMMERCIAL INVESTIGATION","unavailable","unavailable","","","unavailable","evaluation","security / facilities / operations buyer","India","unavailable: GSC access denied","unavailable","Sieora; Proeffico; CoCompanion","/video-analytics-software","yes","retain URL; clarify intent; assessment CTA","P1","existing PGAK product taxonomy; demand unverified"
"CCTV video analytics","COMMERCIAL INVESTIGATION","unavailable","unavailable","","","unavailable","evaluation","security / facilities / operations buyer","India","unavailable: GSC access denied","unavailable","Sieora; Proeffico; CoCompanion","/video-analytics-software","yes","retain URL; clarify intent; assessment CTA","P1","existing PGAK product taxonomy; demand unverified"
"AI video analytics","COMMERCIAL INVESTIGATION","unavailable","unavailable","","","unavailable","evaluation","security / facilities / operations buyer","India","unavailable: GSC access denied","unavailable","Sieora; Proeffico; CoCompanion","/video-analytics-software","yes","retain URL; clarify intent; assessment CTA","P1","existing PGAK product taxonomy; demand unverified"
"video analytics for CCTV cameras","COMMERCIAL INVESTIGATION","unavailable","unavailable","","","unavailable","evaluation","security / facilities / operations buyer","India","unavailable: GSC access denied","unavailable","Sieora; Proeffico; CoCompanion","/video-analytics-software","yes","retain URL; clarify intent; assessment CTA","P1","existing PGAK product taxonomy; demand unverified"
"intelligent video analytics","COMMERCIAL INVESTIGATION","unavailable","unavailable","","","unavailable","evaluation","security / facilities / operations buyer","India","unavailable: GSC access denied","unavailable","Sieora; Proeffico; CoCompanion","/video-analytics-software","yes","retain URL; clarify intent; assessment CTA","P1","existing PGAK product taxonomy; demand unverified"
"AI video analytics software","COMMERCIAL INVESTIGATION","10–100","Low","46.28","497.06","unavailable","evaluation","security / facilities / operations buyer","India","unavailable: GSC access denied","unavailable","Sieora; Proeffico; CoCompanion","/video-analytics-software","yes","retain URL; clarify intent; assessment CTA","P1","Google Keyword Planner; India; English; last 12 months; accessed 2026-09-18"
"video analytics software India","COMMERCIAL INVESTIGATION","unavailable","unavailable","","","unavailable","evaluation","security / facilities / operations buyer","India","unavailable: GSC access denied","unavailable","Sieora; Proeffico; CoCompanion","/video-analytics-software","yes","retain URL; clarify intent; assessment CTA","P1","existing PGAK product taxonomy; demand unverified"
"CCTV video analytics software","COMMERCIAL INVESTIGATION","unavailable","unavailable","","","unavailable","evaluation","security / facilities / operations buyer","India","unavailable: GSC access denied","unavailable","Sieora; Proeffico; CoCompanion","/video-analytics-software","yes","retain URL; clarify intent; assessment CTA","P1","existing PGAK product taxonomy; demand unverified"
"attendance system for factory","COMMERCIAL INVESTIGATION","unavailable","unavailable","","","unavailable","evaluation","HR / operations manager","India","unavailable: GSC access denied","unavailable","Sieora; Proeffico; CoCompanion","/attendance-system-for-factories","yes","retain URL; clarify intent; assessment CTA","P2","existing PGAK product taxonomy; demand unverified"
"factory attendance management","COMMERCIAL INVESTIGATION","unavailable","unavailable","","","unavailable","evaluation","HR / operations manager","India","unavailable: GSC access denied","unavailable","Sieora; Proeffico; CoCompanion","/attendance-system-for-factories","yes","retain URL; clarify intent; assessment CTA","P2","existing PGAK product taxonomy; demand unverified"
"labour attendance system","COMMERCIAL INVESTIGATION","unavailable","unavailable","","","unavailable","evaluation","HR / operations manager","India","unavailable: GSC access denied","unavailable","Sieora; Proeffico; CoCompanion","/attendance-system-for-factories","yes","retain URL; clarify intent; assessment CTA","P2","existing PGAK product taxonomy; demand unverified"
"shift attendance for manufacturing","COMMERCIAL INVESTIGATION","unavailable","unavailable","","","unavailable","evaluation","HR / operations manager","India","unavailable: GSC access denied","unavailable","Sieora; Proeffico; CoCompanion","/attendance-system-for-factories","yes","retain URL; clarify intent; assessment CTA","P2","existing PGAK product taxonomy; demand unverified"
"gate attendance factory","COMMERCIAL INVESTIGATION","unavailable","unavailable","","","unavailable","evaluation","HR / operations manager","India","unavailable: GSC access denied","unavailable","Sieora; Proeffico; CoCompanion","/attendance-system-for-factories","yes","retain URL; clarify intent; assessment CTA","P2","existing PGAK product taxonomy; demand unverified"
"worker attendance system","COMMERCIAL INVESTIGATION","unavailable","unavailable","","","unavailable","evaluation","HR / operations manager","India","unavailable: GSC access denied","unavailable","Sieora; Proeffico; CoCompanion","/attendance-system-for-factories","yes","retain URL; clarify intent; assessment CTA","P2","existing PGAK product taxonomy; demand unverified"
"attendance system for warehouse","COMMERCIAL INVESTIGATION","unavailable","unavailable","","","unavailable","evaluation","HR / operations manager","India","unavailable: GSC access denied","unavailable","Sieora; Proeffico; CoCompanion","/attendance-system-for-warehouses","yes","retain URL; clarify intent; assessment CTA","P2","existing PGAK product taxonomy; demand unverified"
"warehouse workforce attendance","COMMERCIAL INVESTIGATION","unavailable","unavailable","","","unavailable","evaluation","HR / operations manager","India","unavailable: GSC access denied","unavailable","Sieora; Proeffico; CoCompanion","/attendance-system-for-warehouses","yes","retain URL; clarify intent; assessment CTA","P2","existing PGAK product taxonomy; demand unverified"
"godown attendance system","COMMERCIAL INVESTIGATION","unavailable","unavailable","","","unavailable","evaluation","HR / operations manager","India","unavailable: GSC access denied","unavailable","Sieora; Proeffico; CoCompanion","/attendance-system-for-warehouses","yes","retain URL; clarify intent; assessment CTA","P2","existing PGAK product taxonomy; demand unverified"
"logistics attendance tracking","COMMERCIAL INVESTIGATION","unavailable","unavailable","","","unavailable","evaluation","HR / operations manager","India","unavailable: GSC access denied","unavailable","Sieora; Proeffico; CoCompanion","/attendance-system-for-warehouses","yes","retain URL; clarify intent; assessment CTA","P2","existing PGAK product taxonomy; demand unverified"
"warehouse shift attendance","COMMERCIAL INVESTIGATION","unavailable","unavailable","","","unavailable","evaluation","HR / operations manager","India","unavailable: GSC access denied","unavailable","Sieora; Proeffico; CoCompanion","/attendance-system-for-warehouses","yes","retain URL; clarify intent; assessment CTA","P2","existing PGAK product taxonomy; demand unverified"
"loading bay attendance","COMMERCIAL INVESTIGATION","unavailable","unavailable","","","unavailable","evaluation","HR / operations manager","India","unavailable: GSC access denied","unavailable","Sieora; Proeffico; CoCompanion","/attendance-system-for-warehouses","yes","retain URL; clarify intent; assessment CTA","P2","existing PGAK product taxonomy; demand unverified"
"office attendance system","COMMERCIAL INVESTIGATION","unavailable","unavailable","","","unavailable","evaluation","HR / operations manager","India","unavailable: GSC access denied","unavailable","Sieora; Proeffico; CoCompanion","/attendance-system-for-offices","yes","retain URL; clarify intent; assessment CTA","P2","existing PGAK product taxonomy; demand unverified"
"attendance machine for office","COMMERCIAL INVESTIGATION","unavailable","unavailable","","","unavailable","evaluation","HR / operations manager","India","unavailable: GSC access denied","unavailable","Sieora; Proeffico; CoCompanion","/attendance-system-for-offices","yes","retain URL; clarify intent; assessment CTA","P2","existing PGAK product taxonomy; demand unverified"
"office biometric machine","COMMERCIAL INVESTIGATION","unavailable","unavailable","","","unavailable","evaluation","HR / operations manager","India","unavailable: GSC access denied","unavailable","Sieora; Proeffico; CoCompanion","/attendance-system-for-offices","yes","retain URL; clarify intent; assessment CTA","P2","existing PGAK product taxonomy; demand unverified"
"employee attendance system","COMMERCIAL INVESTIGATION","unavailable","unavailable","","","unavailable","evaluation","HR / operations manager","India","unavailable: GSC access denied","unavailable","Sieora; Proeffico; CoCompanion","/attendance-system-for-offices","yes","retain URL; clarify intent; assessment CTA","P2","existing PGAK product taxonomy; demand unverified"
"staff attendance tracking","COMMERCIAL INVESTIGATION","unavailable","unavailable","","","unavailable","evaluation","HR / operations manager","India","unavailable: GSC access denied","unavailable","Sieora; Proeffico; CoCompanion","/attendance-system-for-offices","yes","retain URL; clarify intent; assessment CTA","P2","existing PGAK product taxonomy; demand unverified"
"office attendance software","COMMERCIAL INVESTIGATION","unavailable","unavailable","","","unavailable","evaluation","HR / operations manager","India","unavailable: GSC access denied","unavailable","Sieora; Proeffico; CoCompanion","/attendance-system-for-offices","yes","retain URL; clarify intent; assessment CTA","P2","existing PGAK product taxonomy; demand unverified"
"attendance system for school","COMMERCIAL INVESTIGATION","unavailable","unavailable","","","unavailable","evaluation","HR / operations manager","India","unavailable: GSC access denied","unavailable","Sieora; Proeffico; CoCompanion","/attendance-system-for-schools","yes","retain URL; clarify intent; assessment CTA","P2","existing PGAK product taxonomy; demand unverified"
"school biometric attendance","COMMERCIAL INVESTIGATION","unavailable","unavailable","","","unavailable","evaluation","HR / operations manager","India","unavailable: GSC access denied","unavailable","Sieora; Proeffico; CoCompanion","/attendance-system-for-schools","yes","retain URL; clarify intent; assessment CTA","P2","existing PGAK product taxonomy; demand unverified"
"staff attendance for schools","COMMERCIAL INVESTIGATION","unavailable","unavailable","","","unavailable","evaluation","HR / operations manager","India","unavailable: GSC access denied","unavailable","Sieora; Proeffico; CoCompanion","/attendance-system-for-schools","yes","retain URL; clarify intent; assessment CTA","P2","existing PGAK product taxonomy; demand unverified"
"college attendance system","COMMERCIAL INVESTIGATION","unavailable","unavailable","","","unavailable","evaluation","HR / operations manager","India","unavailable: GSC access denied","unavailable","Sieora; Proeffico; CoCompanion","/attendance-system-for-schools","yes","retain URL; clarify intent; assessment CTA","P2","existing PGAK product taxonomy; demand unverified"
"automated attendance school","COMMERCIAL INVESTIGATION","unavailable","unavailable","","","unavailable","evaluation","HR / operations manager","India","unavailable: GSC access denied","unavailable","Sieora; Proeffico; CoCompanion","/attendance-system-for-schools","yes","retain URL; clarify intent; assessment CTA","P2","existing PGAK product taxonomy; demand unverified"
"attendance system for construction site","COMMERCIAL INVESTIGATION","unavailable","unavailable","","","unavailable","evaluation","HR / operations manager","India","unavailable: GSC access denied","unavailable","Sieora; Proeffico; CoCompanion","/attendance-system-for-construction-sites","yes","retain URL; clarify intent; assessment CTA","P2","existing PGAK product taxonomy; demand unverified"
"site attendance for contractors","COMMERCIAL INVESTIGATION","unavailable","unavailable","","","unavailable","evaluation","HR / operations manager","India","unavailable: GSC access denied","unavailable","Sieora; Proeffico; CoCompanion","/attendance-system-for-construction-sites","yes","retain URL; clarify intent; assessment CTA","P2","existing PGAK product taxonomy; demand unverified"
"construction workforce attendance","COMMERCIAL INVESTIGATION","unavailable","unavailable","","","unavailable","evaluation","HR / operations manager","India","unavailable: GSC access denied","unavailable","Sieora; Proeffico; CoCompanion","/attendance-system-for-construction-sites","yes","retain URL; clarify intent; assessment CTA","P2","existing PGAK product taxonomy; demand unverified"
"daily wage attendance","COMMERCIAL INVESTIGATION","unavailable","unavailable","","","unavailable","evaluation","HR / operations manager","India","unavailable: GSC access denied","unavailable","Sieora; Proeffico; CoCompanion","/attendance-system-for-construction-sites","yes","retain URL; clarify intent; assessment CTA","P2","existing PGAK product taxonomy; demand unverified"
"contractor attendance tracking","COMMERCIAL INVESTIGATION","unavailable","unavailable","","","unavailable","evaluation","HR / operations manager","India","unavailable: GSC access denied","unavailable","Sieora; Proeffico; CoCompanion","/attendance-system-for-construction-sites","yes","retain URL; clarify intent; assessment CTA","P2","existing PGAK product taxonomy; demand unverified"
"commercial CCTV","COMMERCIAL INVESTIGATION","unavailable","unavailable","","","unavailable","evaluation","security / facilities / operations buyer","India","unavailable: GSC access denied","unavailable","Sieora; Proeffico; CoCompanion","/commercial-cctv","yes","retain URL; clarify intent; assessment CTA","P2","existing PGAK product taxonomy; demand unverified"
"commercial CCTV systems","COMMERCIAL INVESTIGATION","unavailable","unavailable","","","unavailable","evaluation","security / facilities / operations buyer","India","unavailable: GSC access denied","unavailable","Sieora; Proeffico; CoCompanion","/commercial-cctv","yes","retain URL; clarify intent; assessment CTA","P2","existing PGAK product taxonomy; demand unverified"
"office CCTV installation","COMMERCIAL INVESTIGATION","unavailable","unavailable","","","unavailable","evaluation","security / facilities / operations buyer","India","unavailable: GSC access denied","unavailable","Sieora; Proeffico; CoCompanion","/commercial-cctv","yes","retain URL; clarify intent; assessment CTA","P2","existing PGAK product taxonomy; demand unverified"
"CCTV for commercial premises","COMMERCIAL INVESTIGATION","unavailable","unavailable","","","unavailable","evaluation","security / facilities / operations buyer","India","unavailable: GSC access denied","unavailable","Sieora; Proeffico; CoCompanion","/commercial-cctv","yes","retain URL; clarify intent; assessment CTA","P2","existing PGAK product taxonomy; demand unverified"
"commercial security camera system","COMMERCIAL INVESTIGATION","unavailable","unavailable","","","unavailable","evaluation","security / facilities / operations buyer","India","unavailable: GSC access denied","unavailable","Sieora; Proeffico; CoCompanion","/commercial-cctv","yes","retain URL; clarify intent; assessment CTA","P2","existing PGAK product taxonomy; demand unverified"
"industrial CCTV systems","COMMERCIAL INVESTIGATION","unavailable","unavailable","","","unavailable","evaluation","security / facilities / operations buyer","India","unavailable: GSC access denied","unavailable","Sieora; Proeffico; CoCompanion","/industrial-cctv","yes","retain URL; clarify intent; assessment CTA","P2","existing PGAK product taxonomy; demand unverified"
"factory CCTV","COMMERCIAL INVESTIGATION","unavailable","unavailable","","","unavailable","evaluation","security / facilities / operations buyer","India","unavailable: GSC access denied","unavailable","Sieora; Proeffico; CoCompanion","/industrial-cctv","yes","retain URL; clarify intent; assessment CTA","P2","existing PGAK product taxonomy; demand unverified"
"warehouse CCTV","COMMERCIAL INVESTIGATION","unavailable","unavailable","","","unavailable","evaluation","security / facilities / operations buyer","India","unavailable: GSC access denied","unavailable","Sieora; Proeffico; CoCompanion","/industrial-cctv","yes","retain URL; clarify intent; assessment CTA","P2","existing PGAK product taxonomy; demand unverified"
"industrial security camera system","COMMERCIAL INVESTIGATION","unavailable","unavailable","","","unavailable","evaluation","security / facilities / operations buyer","India","unavailable: GSC access denied","unavailable","Sieora; Proeffico; CoCompanion","/industrial-cctv","yes","retain URL; clarify intent; assessment CTA","P2","existing PGAK product taxonomy; demand unverified"
"CCTV for manufacturing plants","COMMERCIAL INVESTIGATION","unavailable","unavailable","","","unavailable","evaluation","security / facilities / operations buyer","India","unavailable: GSC access denied","unavailable","Sieora; Proeffico; CoCompanion","/industrial-cctv","yes","retain URL; clarify intent; assessment CTA","P2","existing PGAK product taxonomy; demand unverified"
"AI surveillance system","COMMERCIAL INVESTIGATION","unavailable","unavailable","","","unavailable","evaluation","security / facilities / operations buyer","India","unavailable: GSC access denied","unavailable","Sieora; Proeffico; CoCompanion","/ai-surveillance-system","yes","retain URL; clarify intent; assessment CTA","P2","existing PGAK product taxonomy; demand unverified"
"AI surveillance camera","COMMERCIAL INVESTIGATION","unavailable","unavailable","","","unavailable","evaluation","security / facilities / operations buyer","India","unavailable: GSC access denied","unavailable","Sieora; Proeffico; CoCompanion","/ai-surveillance-system","yes","retain URL; clarify intent; assessment CTA","P2","existing PGAK product taxonomy; demand unverified"
"AI video surveillance","COMMERCIAL INVESTIGATION","unavailable","unavailable","","","unavailable","evaluation","security / facilities / operations buyer","India","unavailable: GSC access denied","unavailable","Sieora; Proeffico; CoCompanion","/ai-surveillance-system","yes","retain URL; clarify intent; assessment CTA","P2","existing PGAK product taxonomy; demand unverified"
"intelligent surveillance system","COMMERCIAL INVESTIGATION","unavailable","unavailable","","","unavailable","evaluation","security / facilities / operations buyer","India","unavailable: GSC access denied","unavailable","Sieora; Proeffico; CoCompanion","/ai-surveillance-system","yes","retain URL; clarify intent; assessment CTA","P2","existing PGAK product taxonomy; demand unverified"
"smart CCTV system","COMMERCIAL INVESTIGATION","unavailable","unavailable","","","unavailable","evaluation","security / facilities / operations buyer","India","unavailable: GSC access denied","unavailable","Sieora; Proeffico; CoCompanion","/ai-surveillance-system","yes","retain URL; clarify intent; assessment CTA","P2","existing PGAK product taxonomy; demand unverified"
"AI CCTV system India","COMMERCIAL INVESTIGATION","unavailable","unavailable","","","unavailable","evaluation","security / facilities / operations buyer","India","unavailable: GSC access denied","unavailable","Sieora; Proeffico; CoCompanion","/ai-surveillance-system","yes","retain URL; clarify intent; assessment CTA","P2","existing PGAK product taxonomy; demand unverified"
"remote CCTV monitoring","COMMERCIAL INVESTIGATION","unavailable","unavailable","","","unavailable","evaluation","security / facilities / operations buyer","India","unavailable: GSC access denied","unavailable","Sieora; Proeffico; CoCompanion","/remote-cctv-monitoring","yes","retain URL; clarify intent; assessment CTA","P2","existing PGAK product taxonomy; demand unverified"
"remote video monitoring","COMMERCIAL INVESTIGATION","unavailable","unavailable","","","unavailable","evaluation","security / facilities / operations buyer","India","unavailable: GSC access denied","unavailable","Sieora; Proeffico; CoCompanion","/remote-cctv-monitoring","yes","retain URL; clarify intent; assessment CTA","P2","existing PGAK product taxonomy; demand unverified"
"CCTV remote viewing","COMMERCIAL INVESTIGATION","unavailable","unavailable","","","unavailable","evaluation","security / facilities / operations buyer","India","unavailable: GSC access denied","unavailable","Sieora; Proeffico; CoCompanion","/remote-cctv-monitoring","yes","retain URL; clarify intent; assessment CTA","P2","existing PGAK product taxonomy; demand unverified"
"monitor CCTV from mobile","COMMERCIAL INVESTIGATION","unavailable","unavailable","","","unavailable","evaluation","security / facilities / operations buyer","India","unavailable: GSC access denied","unavailable","Sieora; Proeffico; CoCompanion","/remote-cctv-monitoring","yes","retain URL; clarify intent; assessment CTA","P2","existing PGAK product taxonomy; demand unverified"
"remote surveillance monitoring","COMMERCIAL INVESTIGATION","unavailable","unavailable","","","unavailable","evaluation","security / facilities / operations buyer","India","unavailable: GSC access denied","unavailable","Sieora; Proeffico; CoCompanion","/remote-cctv-monitoring","yes","retain URL; clarify intent; assessment CTA","P2","existing PGAK product taxonomy; demand unverified"
"off-site CCTV monitoring","COMMERCIAL INVESTIGATION","unavailable","unavailable","","","unavailable","evaluation","security / facilities / operations buyer","India","unavailable: GSC access denied","unavailable","Sieora; Proeffico; CoCompanion","/remote-cctv-monitoring","yes","retain URL; clarify intent; assessment CTA","P2","existing PGAK product taxonomy; demand unverified"
"multi-site CCTV monitoring","COMMERCIAL INVESTIGATION","unavailable","unavailable","","","unavailable","evaluation","security / facilities / operations buyer","India","unavailable: GSC access denied","unavailable","Sieora; Proeffico; CoCompanion","/multi-site-cctv-monitoring","yes","retain URL; clarify intent; assessment CTA","P2","existing PGAK product taxonomy; demand unverified"
"centralised CCTV monitoring","COMMERCIAL INVESTIGATION","unavailable","unavailable","","","unavailable","evaluation","security / facilities / operations buyer","India","unavailable: GSC access denied","unavailable","Sieora; Proeffico; CoCompanion","/multi-site-cctv-monitoring","yes","retain URL; clarify intent; assessment CTA","P2","existing PGAK product taxonomy; demand unverified"
"multi-location CCTV","COMMERCIAL INVESTIGATION","unavailable","unavailable","","","unavailable","evaluation","security / facilities / operations buyer","India","unavailable: GSC access denied","unavailable","Sieora; Proeffico; CoCompanion","/multi-site-cctv-monitoring","yes","retain URL; clarify intent; assessment CTA","P2","existing PGAK product taxonomy; demand unverified"
"CCTV for multiple branches","COMMERCIAL INVESTIGATION","unavailable","unavailable","","","unavailable","evaluation","security / facilities / operations buyer","India","unavailable: GSC access denied","unavailable","Sieora; Proeffico; CoCompanion","/multi-site-cctv-monitoring","yes","retain URL; clarify intent; assessment CTA","P2","existing PGAK product taxonomy; demand unverified"
"centralized surveillance system","COMMERCIAL INVESTIGATION","unavailable","unavailable","","","unavailable","evaluation","security / facilities / operations buyer","India","unavailable: GSC access denied","unavailable","Sieora; Proeffico; CoCompanion","/multi-site-cctv-monitoring","yes","retain URL; clarify intent; assessment CTA","P2","existing PGAK product taxonomy; demand unverified"
"multi-site security monitoring","COMMERCIAL INVESTIGATION","unavailable","unavailable","","","unavailable","evaluation","security / facilities / operations buyer","India","unavailable: GSC access denied","unavailable","Sieora; Proeffico; CoCompanion","/multi-site-cctv-monitoring","yes","retain URL; clarify intent; assessment CTA","P2","existing PGAK product taxonomy; demand unverified"
"ANPR system","COMMERCIAL INVESTIGATION","unavailable","unavailable","","","unavailable","evaluation","security / facilities / operations buyer","India","unavailable: GSC access denied","unavailable","Sieora; Proeffico; CoCompanion","/anpr-number-plate-recognition","yes","retain URL; clarify intent; assessment CTA","P2","existing PGAK product taxonomy; demand unverified"
"number plate recognition system","COMMERCIAL INVESTIGATION","unavailable","unavailable","","","unavailable","evaluation","security / facilities / operations buyer","India","unavailable: GSC access denied","unavailable","Sieora; Proeffico; CoCompanion","/anpr-number-plate-recognition","yes","retain URL; clarify intent; assessment CTA","P2","existing PGAK product taxonomy; demand unverified"
"ANPR camera system India","COMMERCIAL INVESTIGATION","unavailable","unavailable","","","unavailable","evaluation","security / facilities / operations buyer","India","unavailable: GSC access denied","unavailable","Sieora; Proeffico; CoCompanion","/anpr-number-plate-recognition","yes","retain URL; clarify intent; assessment CTA","P2","existing PGAK product taxonomy; demand unverified"
"automatic number plate recognition gate","COMMERCIAL INVESTIGATION","unavailable","unavailable","","","unavailable","evaluation","security / facilities / operations buyer","India","unavailable: GSC access denied","unavailable","Sieora; Proeffico; CoCompanion","/anpr-number-plate-recognition","yes","retain URL; clarify intent; assessment CTA","P2","existing PGAK product taxonomy; demand unverified"
"vehicle logging system","COMMERCIAL INVESTIGATION","unavailable","unavailable","","","unavailable","evaluation","security / facilities / operations buyer","India","unavailable: GSC access denied","unavailable","Sieora; Proeffico; CoCompanion","/anpr-number-plate-recognition","yes","retain URL; clarify intent; assessment CTA","P2","existing PGAK product taxonomy; demand unverified"
"licence plate recognition for factories","COMMERCIAL INVESTIGATION","unavailable","unavailable","","","unavailable","evaluation","security / facilities / operations buyer","India","unavailable: GSC access denied","unavailable","Sieora; Proeffico; CoCompanion","/anpr-number-plate-recognition","yes","retain URL; clarify intent; assessment CTA","P2","existing PGAK product taxonomy; demand unverified"
"AI video analytics price","TRANSACTIONAL","unavailable","unavailable","","","unavailable","quote","procurement / business owner","India","unavailable","unavailable","not measured","/pricing","yes","quote flow and total-scope checklist","P1","intent assessment"
"AI CCTV price India","TRANSACTIONAL","unavailable","unavailable","","","unavailable","quote","procurement / business owner","India","unavailable","unavailable","not measured","/pricing","yes","quote flow and total-scope checklist","P1","intent assessment"
"CCTV analytics software cost","TRANSACTIONAL","unavailable","unavailable","","","unavailable","quote","procurement / business owner","India","unavailable","unavailable","not measured","/pricing","yes","quote flow and total-scope checklist","P1","intent assessment"
