url,status,canonical,content_status
https://www.pgak.co.in,200,https://www.pgak.co.in,Reviewed B2B journey; capability claims gated
https://www.pgak.co.in/platform,200,https://www.pgak.co.in/platform,Reviewed B2B journey; capability claims gated
https://www.pgak.co.in/platform/compatibility,200,https://www.pgak.co.in/platform/compatibility,Reviewed B2B journey; capability claims gated
https://www.pgak.co.in/platform/deployment,200,https://www.pgak.co.in/platform/deployment,Reviewed B2B journey; capability claims gated
https://www.pgak.co.in/platform/capabilities,200,https://www.pgak.co.in/platform/capabilities,Reviewed B2B journey; capability claims gated
https://www.pgak.co.in/platform/vms-integration,200,https://www.pgak.co.in/platform/vms-integration,Reviewed B2B journey; capability claims gated
https://www.pgak.co.in/resources,200,https://www.pgak.co.in/resources,Reviewed B2B journey; capability claims gated
https://www.pgak.co.in/resources/evidence,200,https://www.pgak.co.in/resources/evidence,Reviewed B2B journey; capability claims gated
https://www.pgak.co.in/resources/evaluation-method,200,https://www.pgak.co.in/resources/evaluation-method,Reviewed B2B journey; capability claims gated
https://www.pgak.co.in/resources/storage-bandwidth,200,https://www.pgak.co.in/resources/storage-bandwidth,Reviewed B2B journey; capability claims gated
https://www.pgak.co.in/partners,200,https://www.pgak.co.in/partners,Reviewed B2B journey; capability claims gated
https://www.pgak.co.in/solutions,200,https://www.pgak.co.in/solutions,Preserved existing content; specialist claim review remains
https://www.pgak.co.in/features,200,https://www.pgak.co.in/features,Preserved existing content; specialist claim review remains
https://www.pgak.co.in/pricing,200,https://www.pgak.co.in/pricing,Reviewed B2B journey; capability claims gated
https://www.pgak.co.in/free-audit,200,https://www.pgak.co.in/free-audit,Reviewed B2B journey; capability claims gated
https://www.pgak.co.in/book-demo,200,https://www.pgak.co.in/book-demo,Reviewed B2B journey; capability claims gated
https://www.pgak.co.in/roi-calculator,200,https://www.pgak.co.in/roi-calculator,Reviewed B2B journey; capability claims gated
https://www.pgak.co.in/insights/case-studies,200,https://www.pgak.co.in/insights/case-studies,Preserved existing content; specialist claim review remains
https://www.pgak.co.in/insights,200,https://www.pgak.co.in/insights,Preserved existing content; specialist claim review remains
https://www.pgak.co.in/areas-we-serve,200,https://www.pgak.co.in/areas-we-serve,Preserved existing content; specialist claim review remains
https://www.pgak.co.in/contact,200,https://www.pgak.co.in/contact,Preserved existing content; specialist claim review remains
https://www.pgak.co.in/about,200,https://www.pgak.co.in/about,Preserved existing content; specialist claim review remains
https://www.pgak.co.in/brochure,200,https://www.pgak.co.in/brochure,Preserved existing content; specialist claim review remains
https://www.pgak.co.in/privacy,200,https://www.pgak.co.in/privacy,Preserved existing content; specialist claim review remains
https://www.pgak.co.in/terms,200,https://www.pgak.co.in/terms,Preserved existing content; specialist claim review remains
https://www.pgak.co.in/ai-intruder-detection,200,https://www.pgak.co.in/ai-intruder-detection,Reviewed B2B journey; capability claims gated
https://www.pgak.co.in/ai-cctv-for-warehouses,200,https://www.pgak.co.in/ai-cctv-for-warehouses,Reviewed B2B journey; capability claims gated
https://www.pgak.co.in/ai-cctv-for-offices,200,https://www.pgak.co.in/ai-cctv-for-offices,Preserved existing content; specialist claim review remains
https://www.pgak.co.in/factory-security,200,https://www.pgak.co.in/factory-security,Reviewed B2B journey; capability claims gated
https://www.pgak.co.in/retail-shop-security,200,https://www.pgak.co.in/retail-shop-security,Preserved existing content; specialist claim review remains
https://www.pgak.co.in/residential-security,200,https://www.pgak.co.in/residential-security,Preserved existing content; specialist claim review remains
https://www.pgak.co.in/school-security,200,https://www.pgak.co.in/school-security,Preserved existing content; specialist claim review remains
https://www.pgak.co.in/hospital-security,200,https://www.pgak.co.in/hospital-security,Preserved existing content; specialist claim review remains
https://www.pgak.co.in/smart-perimeter-protection,200,https://www.pgak.co.in/smart-perimeter-protection,Preserved existing content; specialist claim review remains
https://www.pgak.co.in/biometric-attendance,200,https://www.pgak.co.in/biometric-attendance,Preserved existing content; specialist claim review remains
https://www.pgak.co.in/face-recognition-attendance-system,200,https://www.pgak.co.in/face-recognition-attendance-system,Reviewed B2B journey; capability claims gated
https://www.pgak.co.in/cctv-installation-company,200,https://www.pgak.co.in/cctv-installation-company,Preserved existing content; specialist claim review remains
https://www.pgak.co.in/video-analytics-software,200,https://www.pgak.co.in/video-analytics-software,Reviewed B2B journey; capability claims gated
https://www.pgak.co.in/attendance-system-for-factories,200,https://www.pgak.co.in/attendance-system-for-factories,Preserved existing content; specialist claim review remains
https://www.pgak.co.in/attendance-system-for-warehouses,200,https://www.pgak.co.in/attendance-system-for-warehouses,Preserved existing content; specialist claim review remains
https://www.pgak.co.in/attendance-system-for-offices,200,https://www.pgak.co.in/attendance-system-for-offices,Preserved existing content; specialist claim review remains
https://www.pgak.co.in/attendance-system-for-schools,200,https://www.pgak.co.in/attendance-system-for-schools,Preserved existing content; specialist claim review remains
https://www.pgak.co.in/attendance-system-for-construction-sites,200,https://www.pgak.co.in/attendance-system-for-construction-sites,Preserved existing content; specialist claim review remains
https://www.pgak.co.in/commercial-cctv,200,https://www.pgak.co.in/commercial-cctv,Preserved existing content; specialist claim review remains
https://www.pgak.co.in/industrial-cctv,200,https://www.pgak.co.in/industrial-cctv,Preserved existing content; specialist claim review remains
https://www.pgak.co.in/ai-surveillance-system,200,https://www.pgak.co.in/ai-surveillance-system,Preserved existing content; specialist claim review remains
https://www.pgak.co.in/remote-cctv-monitoring,200,https://www.pgak.co.in/remote-cctv-monitoring,Preserved existing content; specialist claim review remains
https://www.pgak.co.in/multi-site-cctv-monitoring,200,https://www.pgak.co.in/multi-site-cctv-monitoring,Reviewed B2B journey; capability claims gated
https://www.pgak.co.in/anpr-number-plate-recognition,200,https://www.pgak.co.in/anpr-number-plate-recognition,Preserved existing content; specialist claim review remains
https://www.pgak.co.in/features/face-recognition,200,https://www.pgak.co.in/features/face-recognition,Preserved existing content; specialist claim review remains
https://www.pgak.co.in/features/false-alarm-filtering,200,https://www.pgak.co.in/features/false-alarm-filtering,Preserved existing content; specialist claim review remains
https://www.pgak.co.in/features/intrusion-alerts,200,https://www.pgak.co.in/features/intrusion-alerts,Preserved existing content; specialist claim review remains
https://www.pgak.co.in/features/attendance-automation,200,https://www.pgak.co.in/features/attendance-automation,Preserved existing content; specialist claim review remains
https://www.pgak.co.in/features/loitering-detection,200,https://www.pgak.co.in/features/loitering-detection,Preserved existing content; specialist claim review remains
https://www.pgak.co.in/features/vehicle-and-anpr,200,https://www.pgak.co.in/features/vehicle-and-anpr,Preserved existing content; specialist claim review remains
https://www.pgak.co.in/ai-cctv-ludhiana,200,https://www.pgak.co.in/ai-cctv-ludhiana,Preserved existing content; specialist claim review remains
https://www.pgak.co.in/ai-cctv-jalandhar,200,https://www.pgak.co.in/ai-cctv-jalandhar,Preserved existing content; specialist claim review remains
https://www.pgak.co.in/ai-cctv-amritsar,200,https://www.pgak.co.in/ai-cctv-amritsar,Preserved existing content; specialist claim review remains
https://www.pgak.co.in/ai-cctv-chandigarh-mohali,200,https://www.pgak.co.in/ai-cctv-chandigarh-mohali,Preserved existing content; specialist claim review remains
https://www.pgak.co.in/ai-cctv-patiala,200,https://www.pgak.co.in/ai-cctv-patiala,Preserved existing content; specialist claim review remains
https://www.pgak.co.in/ai-cctv-bathinda,200,https://www.pgak.co.in/ai-cctv-bathinda,Preserved existing content; specialist claim review remains
https://www.pgak.co.in/ai-cctv-mandi-gobindgarh,200,https://www.pgak.co.in/ai-cctv-mandi-gobindgarh,Preserved existing content; specialist claim review remains
https://www.pgak.co.in/ai-cctv-khanna,200,https://www.pgak.co.in/ai-cctv-khanna,Preserved existing content; specialist claim review remains
https://www.pgak.co.in/ai-cctv-moga,200,https://www.pgak.co.in/ai-cctv-moga,Preserved existing content; specialist claim review remains
https://www.pgak.co.in/ai-cctv-hoshiarpur,200,https://www.pgak.co.in/ai-cctv-hoshiarpur,Preserved existing content; specialist claim review remains
https://www.pgak.co.in/ai-cctv-batala,200,https://www.pgak.co.in/ai-cctv-batala,Preserved existing content; specialist claim review remains
https://www.pgak.co.in/ai-cctv-delhi-ncr,200,https://www.pgak.co.in/ai-cctv-delhi-ncr,Preserved existing content; specialist claim review remains
https://www.pgak.co.in/ai-cctv-gurugram,200,https://www.pgak.co.in/ai-cctv-gurugram,Preserved existing content; specialist claim review remains
https://www.pgak.co.in/ai-cctv-noida,200,https://www.pgak.co.in/ai-cctv-noida,Preserved existing content; specialist claim review remains
https://www.pgak.co.in/ai-cctv-mumbai,200,https://www.pgak.co.in/ai-cctv-mumbai,Preserved existing content; specialist claim review remains
https://www.pgak.co.in/ai-cctv-bengaluru,200,https://www.pgak.co.in/ai-cctv-bengaluru,Preserved existing content; specialist claim review remains
https://www.pgak.co.in/ai-cctv-jaipur,200,https://www.pgak.co.in/ai-cctv-jaipur,Preserved existing content; specialist claim review remains
https://www.pgak.co.in/ai-cctv-coimbatore,200,https://www.pgak.co.in/ai-cctv-coimbatore,Preserved existing content; specialist claim review remains
https://www.pgak.co.in/insights/case-studies/warehouse-shrinkage-ludhiana,200,https://www.pgak.co.in/insights/case-studies/warehouse-shrinkage-ludhiana,Preserved existing content; specialist claim review remains
https://www.pgak.co.in/insights/case-studies/retail-false-alarms-jaipur,200,https://www.pgak.co.in/insights/case-studies/retail-false-alarms-jaipur,Preserved existing content; specialist claim review remains
https://www.pgak.co.in/insights/case-studies/factory-gate-attendance-coimbatore,200,https://www.pgak.co.in/insights/case-studies/factory-gate-attendance-coimbatore,Preserved existing content; specialist claim review remains
https://www.pgak.co.in/insights/case-studies/housing-society-gate-log,200,https://www.pgak.co.in/insights/case-studies/housing-society-gate-log,Preserved existing content; specialist claim review remains
https://www.pgak.co.in/insights/jewellery-shop-security-india,200,https://www.pgak.co.in/insights/jewellery-shop-security-india,Preserved existing content; specialist claim review remains
https://www.pgak.co.in/insights/cold-storage-monitoring-cameras,200,https://www.pgak.co.in/insights/cold-storage-monitoring-cameras,Preserved existing content; specialist claim review remains
https://www.pgak.co.in/insights/restaurant-kitchen-attendance-hygiene,200,https://www.pgak.co.in/insights/restaurant-kitchen-attendance-hygiene,Preserved existing content; specialist claim review remains
https://www.pgak.co.in/insights/petrol-pump-security-cameras,200,https://www.pgak.co.in/insights/petrol-pump-security-cameras,Preserved existing content; specialist claim review remains
https://www.pgak.co.in/insights/hotel-security-and-staff-attendance,200,https://www.pgak.co.in/insights/hotel-security-and-staff-attendance,Preserved existing content; specialist claim review remains
https://www.pgak.co.in/insights/cctv-signage-requirements-india,200,https://www.pgak.co.in/insights/cctv-signage-requirements-india,Preserved existing content; specialist claim review remains
https://www.pgak.co.in/insights/what-to-do-day-after-a-theft,200,https://www.pgak.co.in/insights/what-to-do-day-after-a-theft,Preserved existing content; specialist claim review remains
https://www.pgak.co.in/insights/cctv-workplace-privacy-india,200,https://www.pgak.co.in/insights/cctv-workplace-privacy-india,Preserved existing content; specialist claim review remains
https://www.pgak.co.in/insights/people-counting-footfall-cctv,200,https://www.pgak.co.in/insights/people-counting-footfall-cctv,Preserved existing content; specialist claim review remains
https://www.pgak.co.in/insights/does-ai-work-with-tapo-imou-qubo-cameras,200,https://www.pgak.co.in/insights/does-ai-work-with-tapo-imou-qubo-cameras,Preserved existing content; specialist claim review remains
https://www.pgak.co.in/insights/cctv-footage-legal-evidence-india,200,https://www.pgak.co.in/insights/cctv-footage-legal-evidence-india,Preserved existing content; specialist claim review remains
https://www.pgak.co.in/insights/loitering-detection-explained,200,https://www.pgak.co.in/insights/loitering-detection-explained,Preserved existing content; specialist claim review remains
https://www.pgak.co.in/insights/anpr-number-plate-recognition-when-it-works,200,https://www.pgak.co.in/insights/anpr-number-plate-recognition-when-it-works,Preserved existing content; specialist claim review remains
https://www.pgak.co.in/insights/cctv-monsoon-failures,200,https://www.pgak.co.in/insights/cctv-monsoon-failures,Preserved existing content; specialist claim review remains
https://www.pgak.co.in/insights/cctv-blind-spots-where-thieves-look,200,https://www.pgak.co.in/insights/cctv-blind-spots-where-thieves-look,Preserved existing content; specialist claim review remains
https://www.pgak.co.in/insights/ip-vs-analogue-cameras-india,200,https://www.pgak.co.in/insights/ip-vs-analogue-cameras-india,Preserved existing content; specialist claim review remains
https://www.pgak.co.in/insights/cctv-new-rule-2026-india-stqc-er-compliance,200,https://www.pgak.co.in/insights/cctv-new-rule-2026-india-stqc-er-compliance,Preserved existing content; specialist claim review remains
https://www.pgak.co.in/insights/cctv-cabling-corner-cutting,200,https://www.pgak.co.in/insights/cctv-cabling-corner-cutting,Preserved existing content; specialist claim review remains
https://www.pgak.co.in/insights/dvr-vs-nvr-which-do-you-have,200,https://www.pgak.co.in/insights/dvr-vs-nvr-which-do-you-have,Preserved existing content; specialist claim review remains
https://www.pgak.co.in/insights/cctv-storage-how-many-days,200,https://www.pgak.co.in/insights/cctv-storage-how-many-days,Preserved existing content; specialist claim review remains
https://www.pgak.co.in/insights/face-recognition-low-light-gate,200,https://www.pgak.co.in/insights/face-recognition-low-light-gate,Preserved existing content; specialist claim review remains
https://www.pgak.co.in/insights/camera-resolution-vs-distance,200,https://www.pgak.co.in/insights/camera-resolution-vs-distance,Preserved existing content; specialist claim review remains
https://www.pgak.co.in/insights/how-many-photos-face-enrolment,200,https://www.pgak.co.in/insights/how-many-photos-face-enrolment,Preserved existing content; specialist claim review remains
https://www.pgak.co.in/insights/can-a-photo-fool-face-attendance,200,https://www.pgak.co.in/insights/can-a-photo-fool-face-attendance,Preserved existing content; specialist claim review remains
https://www.pgak.co.in/insights/masks-helmets-turbans-face-recognition,200,https://www.pgak.co.in/insights/masks-helmets-turbans-face-recognition,Preserved existing content; specialist claim review remains
https://www.pgak.co.in/insights/face-recognition-accuracy-what-affects-it,200,https://www.pgak.co.in/insights/face-recognition-accuracy-what-affects-it,Preserved existing content; specialist claim review remains
https://www.pgak.co.in/insights/late-mark-policy-design,200,https://www.pgak.co.in/insights/late-mark-policy-design,Preserved existing content; specialist claim review remains
https://www.pgak.co.in/insights/attendance-seasonal-peak-workforce,200,https://www.pgak.co.in/insights/attendance-seasonal-peak-workforce,Preserved existing content; specialist claim review remains
https://www.pgak.co.in/insights/onboarding-employee-into-attendance,200,https://www.pgak.co.in/insights/onboarding-employee-into-attendance,Preserved existing content; specialist claim review remains
https://www.pgak.co.in/insights/attendance-24x7-three-shift-operation,200,https://www.pgak.co.in/insights/attendance-24x7-three-shift-operation,Preserved existing content; specialist claim review remains
https://www.pgak.co.in/insights/overtime-disputes-common-causes,200,https://www.pgak.co.in/insights/overtime-disputes-common-causes,Preserved existing content; specialist claim review remains
https://www.pgak.co.in/insights/migrating-attendance-system-without-losing-history,200,https://www.pgak.co.in/insights/migrating-attendance-system-without-losing-history,Preserved existing content; specialist claim review remains
https://www.pgak.co.in/insights/employee-refuses-biometric-consent,200,https://www.pgak.co.in/insights/employee-refuses-biometric-consent,Preserved existing content; specialist claim review remains
https://www.pgak.co.in/insights/attendance-data-retention-what-to-delete,200,https://www.pgak.co.in/insights/attendance-data-retention-what-to-delete,Preserved existing content; specialist claim review remains
https://www.pgak.co.in/insights/geofencing-attendance-field-staff,200,https://www.pgak.co.in/insights/geofencing-attendance-field-staff,Preserved existing content; specialist claim review remains
https://www.pgak.co.in/insights/fingerprint-attendance-system-why-it-fails,200,https://www.pgak.co.in/insights/fingerprint-attendance-system-why-it-fails,Preserved existing content; specialist claim review remains
https://www.pgak.co.in/insights/biometric-attendance-machine-price-in-india,200,https://www.pgak.co.in/insights/biometric-attendance-machine-price-in-india,Preserved existing content; specialist claim review remains
https://www.pgak.co.in/insights/attendance-leave-management-integration,200,https://www.pgak.co.in/insights/attendance-leave-management-integration,Preserved existing content; specialist claim review remains
https://www.pgak.co.in/insights/what-to-check-before-buying-attendance-system,200,https://www.pgak.co.in/insights/what-to-check-before-buying-attendance-system,Preserved existing content; specialist claim review remains
https://www.pgak.co.in/insights/what-is-video-analytics-software,200,https://www.pgak.co.in/insights/what-is-video-analytics-software,Preserved existing content; specialist claim review remains
https://www.pgak.co.in/insights/shift-management-attendance-india,200,https://www.pgak.co.in/insights/shift-management-attendance-india,Preserved existing content; specialist claim review remains
https://www.pgak.co.in/insights/reuse-existing-cctv-or-replace,200,https://www.pgak.co.in/insights/reuse-existing-cctv-or-replace,Preserved existing content; specialist claim review remains
https://www.pgak.co.in/insights/replace-attendance-register-with-camera,200,https://www.pgak.co.in/insights/replace-attendance-register-with-camera,Preserved existing content; specialist claim review remains
https://www.pgak.co.in/insights/night-shift-attendance-tracking,200,https://www.pgak.co.in/insights/night-shift-attendance-tracking,Preserved existing content; specialist claim review remains
https://www.pgak.co.in/insights/multi-location-attendance-management,200,https://www.pgak.co.in/insights/multi-location-attendance-management,Preserved existing content; specialist claim review remains
https://www.pgak.co.in/insights/how-to-stop-proxy-attendance,200,https://www.pgak.co.in/insights/how-to-stop-proxy-attendance,Preserved existing content; specialist claim review remains
https://www.pgak.co.in/insights/how-to-choose-a-cctv-installation-company,200,https://www.pgak.co.in/insights/how-to-choose-a-cctv-installation-company,Preserved existing content; specialist claim review remains
https://www.pgak.co.in/insights/how-many-cameras-does-a-warehouse-need,200,https://www.pgak.co.in/insights/how-many-cameras-does-a-warehouse-need,Preserved existing content; specialist claim review remains
https://www.pgak.co.in/insights/cctv-camera-offline-how-to-know,200,https://www.pgak.co.in/insights/cctv-camera-offline-how-to-know,Preserved existing content; specialist claim review remains
https://www.pgak.co.in/insights/cctv-amc-what-should-it-include,200,https://www.pgak.co.in/insights/cctv-amc-what-should-it-include,Preserved existing content; specialist claim review remains
https://www.pgak.co.in/insights/biometric-attendance-payroll-integration,200,https://www.pgak.co.in/insights/biometric-attendance-payroll-integration,Preserved existing content; specialist claim review remains
https://www.pgak.co.in/insights/attendance-system-for-contract-labour,200,https://www.pgak.co.in/insights/attendance-system-for-contract-labour,Preserved existing content; specialist claim review remains
https://www.pgak.co.in/insights/attendance-records-law-india,200,https://www.pgak.co.in/insights/attendance-records-law-india,Preserved existing content; specialist claim review remains
https://www.pgak.co.in/insights/ai-cctv-vs-security-guard-cost,200,https://www.pgak.co.in/insights/ai-cctv-vs-security-guard-cost,Preserved existing content; specialist claim review remains
https://www.pgak.co.in/insights/ai-cctv-false-alarms-how-to-reduce,200,https://www.pgak.co.in/insights/ai-cctv-false-alarms-how-to-reduce,Preserved existing content; specialist claim review remains
https://www.pgak.co.in/insights/aadhaar-based-attendance-and-aebas-explained,200,https://www.pgak.co.in/insights/aadhaar-based-attendance-and-aebas-explained,Preserved existing content; specialist claim review remains
https://www.pgak.co.in/insights/add-ai-to-existing-cctv-cameras,200,https://www.pgak.co.in/insights/add-ai-to-existing-cctv-cameras,Preserved existing content; specialist claim review remains
https://www.pgak.co.in/insights/is-ai-cctv-legal-in-india-dpdp-act,200,https://www.pgak.co.in/insights/is-ai-cctv-legal-in-india-dpdp-act,Preserved existing content; specialist claim review remains
https://www.pgak.co.in/insights/does-ai-cctv-work-without-internet,200,https://www.pgak.co.in/insights/does-ai-cctv-work-without-internet,Preserved existing content; specialist claim review remains
https://www.pgak.co.in/insights/ai-cctv-vs-normal-cctv,200,https://www.pgak.co.in/insights/ai-cctv-vs-normal-cctv,Preserved existing content; specialist claim review remains
https://www.pgak.co.in/insights/cctv-camera-tampering-detection,200,https://www.pgak.co.in/insights/cctv-camera-tampering-detection,Preserved existing content; specialist claim review remains
https://www.pgak.co.in/insights/how-many-cctv-cameras-does-a-factory-need,200,https://www.pgak.co.in/insights/how-many-cctv-cameras-does-a-factory-need,Preserved existing content; specialist claim review remains
https://www.pgak.co.in/insights/ai-cctv-price-in-india-what-it-should-cost,200,https://www.pgak.co.in/insights/ai-cctv-price-in-india-what-it-should-cost,Preserved existing content; specialist claim review remains
https://www.pgak.co.in/insights/how-does-ai-intruder-detection-work,200,https://www.pgak.co.in/insights/how-does-ai-intruder-detection-work,Preserved existing content; specialist claim review remains
https://www.pgak.co.in/insights/best-ai-cctv-camera-for-warehouses-india,200,https://www.pgak.co.in/insights/best-ai-cctv-camera-for-warehouses-india,Preserved existing content; specialist claim review remains
https://www.pgak.co.in/insights/face-recognition-attendance-vs-biometric-machine,200,https://www.pgak.co.in/insights/face-recognition-attendance-vs-biometric-machine,Preserved existing content; specialist claim review remains
https://www.pgak.co.in/insights/stop-threats-before-they-happen,200,https://www.pgak.co.in/insights/stop-threats-before-they-happen,Preserved existing content; specialist claim review remains
https://www.pgak.co.in/insights/nobody-can-watch-120-camera-feeds,200,https://www.pgak.co.in/insights/nobody-can-watch-120-camera-feeds,Preserved existing content; specialist claim review remains
https://www.pgak.co.in/insights/1000-alerts-only-one-is-real,200,https://www.pgak.co.in/insights/1000-alerts-only-one-is-real,Preserved existing content; specialist claim review remains
https://www.pgak.co.in/insights/ai-cctv-for-small-shops-worth-it,200,https://www.pgak.co.in/insights/ai-cctv-for-small-shops-worth-it,Preserved existing content; specialist claim review remains
https://www.pgak.co.in/insights/where-to-place-cctv-cameras-for-ai-detection,200,https://www.pgak.co.in/insights/where-to-place-cctv-cameras-for-ai-detection,Preserved existing content; specialist claim review remains
https://www.pgak.co.in/insights/how-many-of-your-cameras-can-actually-recognize-a-face,200,https://www.pgak.co.in/insights/how-many-of-your-cameras-can-actually-recognize-a-face,Preserved existing content; specialist claim review remains
https://www.pgak.co.in/insights/why-biometric-attendance-machines-fail-at-the-factory-gate,200,https://www.pgak.co.in/insights/why-biometric-attendance-machines-fail-at-the-factory-gate,Preserved existing content; specialist claim review remains
https://www.pgak.co.in/insights/your-dvr-records-the-theft-it-doesnt-stop-it,200,https://www.pgak.co.in/insights/your-dvr-records-the-theft-it-doesnt-stop-it,Preserved existing content; specialist claim review remains
