path,template,status,canonical,robots,title,title_len,h1,description_len,internal_links_out,schema_types,missing_alt
/,core/solution,200,https://www.pgak.co.in,"index, follow",AI Video Analytics for Existing CCTV Cameras | PGAK,51,AI Video Analyticsfor ExistingCCTV Cameras.,159,173,Answer;ContactPoint;Country;EntryPoint;FAQPage;ImageObject;LocalBusiness;Organization;Person;PostalAddress;Question;SearchAction;SoftwareApplication;WebPage;WebSite,0
/about,core/solution,200,https://www.pgak.co.in/about,"index, follow",About PGAK — Intelligent CCTV Built for India,45,Security that thinks — not just records.,142,89,BreadcrumbList;ContactPoint;Country;EntryPoint;ImageObject;ListItem;LocalBusiness;Organization;Person;PostalAddress;SearchAction;WebPage;WebSite,0
/ai-cctv-amritsar,city,200,https://www.pgak.co.in/ai-cctv-amritsar,"index, follow","AI CCTV in Amritsar — Markets, Hotels, Food Units",49,AI CCTV and intruder detection in Amritsar,143,108,Answer;BreadcrumbList;ContactPoint;Country;EntryPoint;FAQPage;ImageObject;ListItem;LocalBusiness;Organization;Person;Place;PostalAddress;Question;SearchAction;Service;WebPage;WebSite,0
/ai-cctv-batala,city,200,https://www.pgak.co.in/ai-cctv-batala,"index, follow",AI CCTV in Batala — Foundries and Machine Tools,47,AI CCTV and intruder detection in Batala,144,108,Answer;BreadcrumbList;ContactPoint;Country;EntryPoint;FAQPage;ImageObject;ListItem;LocalBusiness;Organization;Person;Place;PostalAddress;Question;SearchAction;Service;WebPage;WebSite,0
/ai-cctv-bathinda,city,200,https://www.pgak.co.in/ai-cctv-bathinda,"index, follow","AI CCTV in Bathinda — Cotton, Grain and Fuel Belt",49,AI CCTV and intruder detection in Bathinda,146,108,Answer;BreadcrumbList;ContactPoint;Country;EntryPoint;FAQPage;ImageObject;ListItem;LocalBusiness;Organization;Person;Place;PostalAddress;Question;SearchAction;Service;WebPage;WebSite,0
/ai-cctv-bengaluru,city,200,https://www.pgak.co.in/ai-cctv-bengaluru,"index, follow","AI CCTV in Bengaluru — Campuses, Peenya, Gated",46,AI CCTV and intruder detection in Bengaluru,143,107,Answer;BreadcrumbList;ContactPoint;Country;EntryPoint;FAQPage;ImageObject;ListItem;LocalBusiness;Organization;Person;Place;PostalAddress;Question;SearchAction;Service;WebPage;WebSite,0
/ai-cctv-chandigarh-mohali,city,200,https://www.pgak.co.in/ai-cctv-chandigarh-mohali,"index, follow",AI CCTV in Chandigarh & Mohali — Offices to Zirakpur,52,AI CCTV and intruder detection in Chandigarh & Mohali,137,108,Answer;BreadcrumbList;ContactPoint;Country;EntryPoint;FAQPage;ImageObject;ListItem;LocalBusiness;Organization;Person;Place;PostalAddress;Question;SearchAction;Service;WebPage;WebSite,0
/ai-cctv-coimbatore,city,200,https://www.pgak.co.in/ai-cctv-coimbatore,"index, follow","AI CCTV in Coimbatore — Mills, Pumps, Foundries",47,AI CCTV and intruder detection in Coimbatore,144,107,Answer;BreadcrumbList;ContactPoint;Country;EntryPoint;FAQPage;ImageObject;ListItem;LocalBusiness;Organization;Person;Place;PostalAddress;Question;SearchAction;Service;WebPage;WebSite,0
/ai-cctv-delhi-ncr,city,200,https://www.pgak.co.in/ai-cctv-delhi-ncr,"index, follow","AI CCTV in Delhi NCR — Retail, Offices, Logistics",49,AI CCTV and intruder detection in Delhi NCR,146,107,Answer;BreadcrumbList;ContactPoint;Country;EntryPoint;FAQPage;ImageObject;ListItem;LocalBusiness;Organization;Person;Place;PostalAddress;Question;SearchAction;Service;WebPage;WebSite,0
/ai-cctv-for-offices,solution,200,https://www.pgak.co.in/ai-cctv-for-offices,"index, follow",AI CCTV for Offices — Tailgating & After-Hours Alerts | PGAK,60,"AI CCTV for offices — quiet during the day, wide awake at night",142,108,Answer;BreadcrumbList;ContactPoint;Country;EntryPoint;FAQPage;ImageObject;ListItem;LocalBusiness;Organization;Person;PostalAddress;Question;SearchAction;Service;WebPage;WebSite,0
/ai-cctv-for-warehouses,solution,200,https://www.pgak.co.in/ai-cctv-for-warehouses,"index, follow",Warehouse Video Analytics & AI CCTV in India | PGAK,51,AI CCTV and video analytics for warehouses,143,111,Answer;BreadcrumbList;ContactPoint;Country;EntryPoint;FAQPage;ImageObject;ListItem;LocalBusiness;Organization;Person;PostalAddress;Question;SearchAction;Service;WebPage;WebSite,0
/ai-cctv-gurugram,city,200,https://www.pgak.co.in/ai-cctv-gurugram,"index, follow","AI CCTV in Gurugram — Offices, Societies, Manesar",49,AI CCTV and intruder detection in Gurugram,140,107,Answer;BreadcrumbList;ContactPoint;Country;EntryPoint;FAQPage;ImageObject;ListItem;LocalBusiness;Organization;Person;Place;PostalAddress;Question;SearchAction;Service;WebPage;WebSite,0
/ai-cctv-hoshiarpur,city,200,https://www.pgak.co.in/ai-cctv-hoshiarpur,"index, follow","AI CCTV in Hoshiarpur — Plywood, Timber, NRI Homes",50,AI CCTV and intruder detection in Hoshiarpur,144,108,Answer;BreadcrumbList;ContactPoint;Country;EntryPoint;FAQPage;ImageObject;ListItem;LocalBusiness;Organization;Person;Place;PostalAddress;Question;SearchAction;Service;WebPage;WebSite,0
/ai-cctv-jaipur,city,200,https://www.pgak.co.in/ai-cctv-jaipur,"index, follow","AI CCTV in Jaipur — Jewellery, Hotels, Sitapura",47,AI CCTV and intruder detection in Jaipur,138,107,Answer;BreadcrumbList;ContactPoint;Country;EntryPoint;FAQPage;ImageObject;ListItem;LocalBusiness;Organization;Person;Place;PostalAddress;Question;SearchAction;Service;WebPage;WebSite,0
/ai-cctv-jalandhar,city,200,https://www.pgak.co.in/ai-cctv-jalandhar,"index, follow","AI CCTV in Jalandhar — Sports Goods, Tools, Leather",51,AI CCTV and intruder detection in Jalandhar,143,109,Answer;BreadcrumbList;ContactPoint;Country;EntryPoint;FAQPage;ImageObject;ListItem;LocalBusiness;Organization;Person;Place;PostalAddress;Question;SearchAction;Service;WebPage;WebSite,0
/ai-cctv-khanna,city,200,https://www.pgak.co.in/ai-cctv-khanna,"index, follow",AI CCTV in Khanna — Grain Mandi and Shellers,44,AI CCTV and intruder detection in Khanna,141,108,Answer;BreadcrumbList;ContactPoint;Country;EntryPoint;FAQPage;ImageObject;ListItem;LocalBusiness;Organization;Person;Place;PostalAddress;Question;SearchAction;Service;WebPage;WebSite,0
/ai-cctv-ludhiana,city,200,https://www.pgak.co.in/ai-cctv-ludhiana,"index, follow","AI CCTV in Ludhiana — Our Home City, Our Team",45,AI CCTV and intruder detection in Ludhiana,149,110,Answer;BreadcrumbList;ContactPoint;Country;EntryPoint;FAQPage;ImageObject;ListItem;LocalBusiness;Organization;Person;Place;PostalAddress;Question;SearchAction;Service;WebPage;WebSite,0
/ai-cctv-mandi-gobindgarh,city,200,https://www.pgak.co.in/ai-cctv-mandi-gobindgarh,"index, follow",AI CCTV in Mandi Gobindgarh — Furnaces & Scrap,46,AI CCTV and intruder detection in Mandi Gobindgarh,144,108,Answer;BreadcrumbList;ContactPoint;Country;EntryPoint;FAQPage;ImageObject;ListItem;LocalBusiness;Organization;Person;Place;PostalAddress;Question;SearchAction;Service;WebPage;WebSite,0
/ai-cctv-moga,city,200,https://www.pgak.co.in/ai-cctv-moga,"index, follow","AI CCTV in Moga — Dairy, Food and Cold Chain",44,AI CCTV and intruder detection in Moga,146,108,Answer;BreadcrumbList;ContactPoint;Country;EntryPoint;FAQPage;ImageObject;ListItem;LocalBusiness;Organization;Person;Place;PostalAddress;Question;SearchAction;Service;WebPage;WebSite,0
/ai-cctv-mumbai,city,200,https://www.pgak.co.in/ai-cctv-mumbai,"index, follow","AI CCTV in Mumbai — Retail, Bhiwandi, Societies",47,AI CCTV and intruder detection in Mumbai,145,107,Answer;BreadcrumbList;ContactPoint;Country;EntryPoint;FAQPage;ImageObject;ListItem;LocalBusiness;Organization;Person;Place;PostalAddress;Question;SearchAction;Service;WebPage;WebSite,0
/ai-cctv-noida,city,200,https://www.pgak.co.in/ai-cctv-noida,"index, follow","AI CCTV in Noida — Sectors, Expressway, Societies",49,AI CCTV and intruder detection in Noida,145,107,Answer;BreadcrumbList;ContactPoint;Country;EntryPoint;FAQPage;ImageObject;ListItem;LocalBusiness;Organization;Person;Place;PostalAddress;Question;SearchAction;Service;WebPage;WebSite,0
/ai-cctv-patiala,city,200,https://www.pgak.co.in/ai-cctv-patiala,"index, follow","AI CCTV in Patiala — Campuses, Machinery, Kothis",48,AI CCTV and intruder detection in Patiala,148,108,Answer;BreadcrumbList;ContactPoint;Country;EntryPoint;FAQPage;ImageObject;ListItem;LocalBusiness;Organization;Person;Place;PostalAddress;Question;SearchAction;Service;WebPage;WebSite,0
/ai-intruder-detection,core/solution,200,https://www.pgak.co.in/ai-intruder-detection,"index, follow",AI Intruder Detection on the CCTV You Already Own | PGAK,56,"AI intruder detection that alerts you in seconds, not the next morning",137,109,Answer;BreadcrumbList;ContactPoint;Country;EntryPoint;FAQPage;ImageObject;ListItem;LocalBusiness;Organization;Person;PostalAddress;Question;SearchAction;Service;WebPage;WebSite,0
/ai-surveillance-system,core/solution,200,https://www.pgak.co.in/ai-surveillance-system,"index, follow",AI Surveillance System for Existing CCTV | PGAK,47,An AI surveillance system you can run on the cameras already on your wall,162,113,Answer;BreadcrumbList;ContactPoint;Country;EntryPoint;FAQPage;ImageObject;ListItem;LocalBusiness;Organization;Person;PostalAddress;Question;SearchAction;Service;WebPage;WebSite,0
/anpr-number-plate-recognition,core/solution,200,https://www.pgak.co.in/anpr-number-plate-recognition,"index, follow",ANPR System for Gates & Vehicle Logging | PGAK,46,An ANPR system that turns the gate register into something you can search,156,111,Answer;BreadcrumbList;ContactPoint;Country;EntryPoint;FAQPage;ImageObject;ListItem;LocalBusiness;Organization;Person;PostalAddress;Question;SearchAction;Service;WebPage;WebSite,0
/areas-we-serve,core/solution,200,https://www.pgak.co.in/areas-we-serve,"index, follow",Areas We Serve — AI CCTV Across India | PGAK,44,Where PGAK deploys AI CCTV,152,107,BreadcrumbList;ContactPoint;Country;EntryPoint;ImageObject;ListItem;LocalBusiness;Organization;Person;PostalAddress;SearchAction;WebPage;WebSite,0
/attendance-system-for-construction-sites,attendance-industry,200,https://www.pgak.co.in/attendance-system-for-construction-sites,"index, follow",Construction Site Attendance for Daily-Wage Labour | PGAK,57,Construction attendance for a workforce that changes every week,141,109,Answer;BreadcrumbList;ContactPoint;Country;EntryPoint;FAQPage;ImageObject;ListItem;LocalBusiness;Organization;Person;PostalAddress;Question;SearchAction;Service;WebPage;WebSite,0
/attendance-system-for-factories,attendance-industry,200,https://www.pgak.co.in/attendance-system-for-factories,"index, follow",Factory Attendance System — No Queue at the Gate | PGAK,55,An attendance system built for a factory gate at shift change,124,110,Answer;BreadcrumbList;ContactPoint;Country;EntryPoint;FAQPage;ImageObject;ListItem;LocalBusiness;Organization;Person;PostalAddress;Question;SearchAction;Service;WebPage;WebSite,0
/attendance-system-for-offices,attendance-industry,200,https://www.pgak.co.in/attendance-system-for-offices,"index, follow",Office Attendance System — No Machine at Reception | PGAK,57,An office attendance system with nothing to touch at reception,136,108,Answer;BreadcrumbList;ContactPoint;Country;EntryPoint;FAQPage;ImageObject;ListItem;LocalBusiness;Organization;Person;PostalAddress;Question;SearchAction;Service;WebPage;WebSite,0
/attendance-system-for-schools,attendance-industry,200,https://www.pgak.co.in/attendance-system-for-schools,"index, follow",School & College Attendance System — Staff and Campus | PGAK,60,School attendance that does not cost you the first ten minutes of the day,137,107,Answer;BreadcrumbList;ContactPoint;Country;EntryPoint;FAQPage;ImageObject;ListItem;LocalBusiness;Organization;Person;PostalAddress;Question;SearchAction;Service;WebPage;WebSite,0
/attendance-system-for-warehouses,attendance-industry,200,https://www.pgak.co.in/attendance-system-for-warehouses,"index, follow",Warehouse Attendance System — Every Bay Covered | PGAK,54,"Warehouse attendance that covers the loading bay, not just the office door",145,108,Answer;BreadcrumbList;ContactPoint;Country;EntryPoint;FAQPage;ImageObject;ListItem;LocalBusiness;Organization;Person;PostalAddress;Question;SearchAction;Service;WebPage;WebSite,0
/biometric-attendance,core/solution,200,https://www.pgak.co.in/biometric-attendance,"index, follow",Biometric Attendance Without the Machine | PGAK,47,"Biometric attendance, without anyone stopping to touch a machine",140,111,Answer;BreadcrumbList;ContactPoint;Country;EntryPoint;FAQPage;ImageObject;ListItem;LocalBusiness;Organization;Person;PostalAddress;Question;SearchAction;Service;WebPage;WebSite,0
/book-demo,core/solution,200,https://www.pgak.co.in/book-demo,"index, follow",Book an AI Video Analytics Demo | PGAK,38,Better intelligence.Starts with a conversation.,144,92,BreadcrumbList;ContactPoint;Country;EntryPoint;ImageObject;ListItem;LocalBusiness;Organization;Person;PostalAddress;SearchAction;WebPage;WebSite,0
/brochure,core/solution,200,https://www.pgak.co.in/brochure,"index, follow",PGAK Brochure — AI CCTV on Your Existing Cameras (Printable),60,PGAK — intelligent security on the cameras you already own,142,90,ContactPoint;Country;EntryPoint;ImageObject;LocalBusiness;Organization;Person;PostalAddress;SearchAction;WebSite,0
/cctv-installation-company,core/solution,200,https://www.pgak.co.in/cctv-installation-company,"index, follow",CCTV Installation Company in Punjab & India | PGAK,50,"A CCTV installation company that leaves you with alerts, not just footage",148,111,Answer;BreadcrumbList;ContactPoint;Country;EntryPoint;FAQPage;ImageObject;ListItem;LocalBusiness;Organization;Person;PostalAddress;Question;SearchAction;Service;WebPage;WebSite,0
/commercial-cctv,core/solution,200,https://www.pgak.co.in/commercial-cctv,"index, follow",Commercial CCTV Systems for Business Premises | PGAK,52,"Commercial CCTV that tells someone, instead of just recording it",161,114,Answer;BreadcrumbList;ContactPoint;Country;EntryPoint;FAQPage;ImageObject;ListItem;LocalBusiness;Organization;Person;PostalAddress;Question;SearchAction;Service;WebPage;WebSite,0
/contact,core/solution,200,https://www.pgak.co.in/contact,"index, follow",Contact PGAK — Talk to Us or Find an AI CCTV Dealer Near You,60,Let’s make your cameras intelligent.,142,94,BreadcrumbList;ContactPoint;Country;EntryPoint;ImageObject;ListItem;LocalBusiness;Organization;Person;PostalAddress;SearchAction;WebPage;WebSite,0
/face-recognition-attendance-system,core/solution,200,https://www.pgak.co.in/face-recognition-attendance-system,"index, follow",Face Recognition Attendance System for CCTV | PGAK,50,Face recognition attendance using existing CCTV,141,110,Answer;BreadcrumbList;ContactPoint;Country;EntryPoint;FAQPage;ImageObject;ListItem;LocalBusiness;Organization;Person;PostalAddress;Question;SearchAction;Service;WebPage;WebSite,0
/factory-security,core/solution,200,https://www.pgak.co.in/factory-security,"index, follow",Factory Security System — AI CCTV for Gates & Floors | PGAK,59,AI CCTV video analytics for factory security,145,109,Answer;BreadcrumbList;ContactPoint;Country;EntryPoint;FAQPage;ImageObject;ListItem;LocalBusiness;Organization;Person;PostalAddress;Question;SearchAction;Service;WebPage;WebSite,0
/features,feature,200,https://www.pgak.co.in/features,"index, follow",20 AI CCTV Features for Indian Businesses | PGAK,48,AI CCTV features.Made clear.,157,157,BreadcrumbList;ContactPoint;Country;EntryPoint;ImageObject;ListItem;LocalBusiness;Organization;Person;PostalAddress;SearchAction;WebPage;WebSite,0
/features/attendance-automation,feature,200,https://www.pgak.co.in/features/attendance-automation,"index, follow","Face Recognition Attendance — No Card, No Contact | PGAK",56,Face recognition attendance — 200 people logged without a queue,149,101,Answer;BreadcrumbList;ContactPoint;Country;EntryPoint;FAQPage;ImageObject;ListItem;LocalBusiness;Organization;Person;PostalAddress;Question;SearchAction;Service;WebPage;WebSite,0
/features/face-recognition,feature,200,https://www.pgak.co.in/features/face-recognition,"index, follow",CCTV Face Recognition — Know Who's There | PGAK,47,CCTV face recognition — the difference between 'someone is there' and 'who is there',129,98,Answer;BreadcrumbList;ContactPoint;Country;EntryPoint;FAQPage;ImageObject;ListItem;LocalBusiness;Organization;Person;PostalAddress;Question;SearchAction;Service;WebPage;WebSite,0
/features/false-alarm-filtering,feature,200,https://www.pgak.co.in/features/false-alarm-filtering,"index, follow",CCTV False Alarm Reduction — Cut the Noise | PGAK,49,False-alarm filtering — the feature that makes every other feature usable,146,98,Answer;BreadcrumbList;ContactPoint;Country;EntryPoint;FAQPage;ImageObject;ListItem;LocalBusiness;Organization;Person;PostalAddress;Question;SearchAction;Service;WebPage;WebSite,0
/features/guides/cross-camera-search,feature-guide,200,https://www.pgak.co.in/features/guides/cross-camera-search,"index, follow",Cross camera person and vehicle search: Uses & Setup | PGAK,59,Cross camera person and vehicle search,80,96,Answer;BreadcrumbList;ContactPoint;Country;EntryPoint;FAQPage;ImageObject;ListItem;LocalBusiness;Organization;Person;PostalAddress;Question;SearchAction;WebPage;WebSite,0
/features/guides/custom-text-alerts,feature-guide,200,https://www.pgak.co.in/features/guides/custom-text-alerts,"index, follow",AI CCTV custom alerts: Uses & Setup | PGAK,42,AI CCTV custom alerts,89,96,Answer;BreadcrumbList;ContactPoint;Country;EntryPoint;FAQPage;ImageObject;ListItem;LocalBusiness;Organization;Person;PostalAddress;Question;SearchAction;WebPage;WebSite,0
/features/guides/edge-ai,feature-guide,200,https://www.pgak.co.in/features/guides/edge-ai,"index, follow",Edge AI CCTV camera: Uses & Setup | PGAK,40,Edge AI CCTV camera,103,96,Answer;BreadcrumbList;ContactPoint;Country;EntryPoint;FAQPage;ImageObject;ListItem;LocalBusiness;Organization;Person;PostalAddress;Question;SearchAction;WebPage;WebSite,0
/features/guides/event-summaries,feature-guide,200,https://www.pgak.co.in/features/guides/event-summaries,"index, follow",AI video event summaries: Uses & Setup | PGAK,45,AI video event summaries,87,96,Answer;BreadcrumbList;ContactPoint;Country;EntryPoint;FAQPage;ImageObject;ListItem;LocalBusiness;Organization;Person;PostalAddress;Question;SearchAction;WebPage;WebSite,0
/features/guides/loitering,feature-guide,200,https://www.pgak.co.in/features/guides/loitering,"index, follow",CCTV loitering detection: Uses & Setup | PGAK,45,CCTV loitering detection,80,96,Answer;BreadcrumbList;ContactPoint;Country;EntryPoint;FAQPage;ImageObject;ListItem;LocalBusiness;Organization;Person;PostalAddress;Question;SearchAction;WebPage;WebSite,0
/features/guides/low-light-ai,feature-guide,200,https://www.pgak.co.in/features/guides/low-light-ai,"index, follow",AI CCTV camera night vision: Uses & Setup | PGAK,48,AI CCTV camera night vision,81,96,Answer;BreadcrumbList;ContactPoint;Country;EntryPoint;FAQPage;ImageObject;ListItem;LocalBusiness;Organization;Person;PostalAddress;Question;SearchAction;WebPage;WebSite,0
/features/guides/natural-language-search,feature-guide,200,https://www.pgak.co.in/features/guides/natural-language-search,"index, follow",Natural language video search: Uses & Setup | PGAK,50,Natural language video search,117,96,Answer;BreadcrumbList;ContactPoint;Country;EntryPoint;FAQPage;ImageObject;ListItem;LocalBusiness;Organization;Person;PostalAddress;Question;SearchAction;WebPage;WebSite,0
/features/guides/number-plates,feature-guide,200,https://www.pgak.co.in/features/guides/number-plates,"index, follow",ANPR camera for Indian number plates: Uses & Setup | PGAK,57,ANPR camera for Indian number plates,91,96,Answer;BreadcrumbList;ContactPoint;Country;EntryPoint;FAQPage;ImageObject;ListItem;LocalBusiness;Organization;Person;PostalAddress;Question;SearchAction;WebPage;WebSite,0
/features/guides/object-classification,feature-guide,200,https://www.pgak.co.in/features/guides/object-classification,"index, follow",Human and vehicle detection CCTV: Uses & Setup | PGAK,53,Human and vehicle detection CCTV,97,96,Answer;BreadcrumbList;ContactPoint;Country;EntryPoint;FAQPage;ImageObject;ListItem;LocalBusiness;Organization;Person;PostalAddress;Question;SearchAction;WebPage;WebSite,0
/features/guides/onsite-learning,feature-guide,200,https://www.pgak.co.in/features/guides/onsite-learning,"index, follow",Custom object detection CCTV: Uses & Setup | PGAK,49,Custom object detection CCTV,91,96,Answer;BreadcrumbList;ContactPoint;Country;EntryPoint;FAQPage;ImageObject;ListItem;LocalBusiness;Organization;Person;PostalAddress;Question;SearchAction;WebPage;WebSite,0
/features/guides/people-counting,feature-guide,200,https://www.pgak.co.in/features/guides/people-counting,"index, follow",People counting camera for retail stores: Uses & Setup | PGAK,61,People counting camera for retail stores,83,96,Answer;BreadcrumbList;ContactPoint;Country;EntryPoint;FAQPage;ImageObject;ListItem;LocalBusiness;Organization;Person;PostalAddress;Question;SearchAction;WebPage;WebSite,0
/features/guides/ppe-detection,feature-guide,200,https://www.pgak.co.in/features/guides/ppe-detection,"index, follow",AI PPE detection camera: Uses & Setup | PGAK,44,AI PPE detection camera,82,96,Answer;BreadcrumbList;ContactPoint;Country;EntryPoint;FAQPage;ImageObject;ListItem;LocalBusiness;Organization;Person;PostalAddress;Question;SearchAction;WebPage;WebSite,0
/features/guides/privacy-masking,feature-guide,200,https://www.pgak.co.in/features/guides/privacy-masking,"index, follow",AI face privacy masking CCTV: Uses & Setup | PGAK,49,AI face privacy masking CCTV,64,96,Answer;BreadcrumbList;ContactPoint;Country;EntryPoint;FAQPage;ImageObject;ListItem;LocalBusiness;Organization;Person;PostalAddress;Question;SearchAction;WebPage;WebSite,0
/features/guides/ptz-tracking,feature-guide,200,https://www.pgak.co.in/features/guides/ptz-tracking,"index, follow",AI auto tracking PTZ camera: Uses & Setup | PGAK,48,AI auto tracking PTZ camera,80,96,Answer;BreadcrumbList;ContactPoint;Country;EntryPoint;FAQPage;ImageObject;ListItem;LocalBusiness;Organization;Person;PostalAddress;Question;SearchAction;WebPage;WebSite,0
/features/guides/queue-analytics,feature-guide,200,https://www.pgak.co.in/features/guides/queue-analytics,"index, follow",CCTV queue management analytics: Uses & Setup | PGAK,52,CCTV queue management analytics,81,96,Answer;BreadcrumbList;ContactPoint;Country;EntryPoint;FAQPage;ImageObject;ListItem;LocalBusiness;Organization;Person;PostalAddress;Question;SearchAction;WebPage;WebSite,0
/features/guides/scene-change,feature-guide,200,https://www.pgak.co.in/features/guides/scene-change,"index, follow",AI CCTV scene change detection: Uses & Setup | PGAK,51,AI CCTV scene change detection,77,96,Answer;BreadcrumbList;ContactPoint;Country;EntryPoint;FAQPage;ImageObject;ListItem;LocalBusiness;Organization;Person;PostalAddress;Question;SearchAction;WebPage;WebSite,0
/features/guides/smoke-flame,feature-guide,200,https://www.pgak.co.in/features/guides/smoke-flame,"index, follow",Video smoke and flame detection: Uses & Setup | PGAK,52,Video smoke and flame detection,84,96,Answer;BreadcrumbList;ContactPoint;Country;EntryPoint;FAQPage;ImageObject;ListItem;LocalBusiness;Organization;Person;PostalAddress;Question;SearchAction;WebPage;WebSite,0
/features/guides/sound-classification,feature-guide,200,https://www.pgak.co.in/features/guides/sound-classification,"index, follow",AI audio detection CCTV: Uses & Setup | PGAK,44,AI audio detection CCTV,76,96,Answer;BreadcrumbList;ContactPoint;Country;EntryPoint;FAQPage;ImageObject;ListItem;LocalBusiness;Organization;Person;PostalAddress;Question;SearchAction;WebPage;WebSite,0
/features/guides/tailgating,feature-guide,200,https://www.pgak.co.in/features/guides/tailgating,"index, follow",CCTV tailgating detection for access control: Uses & Setup | PGAK,65,CCTV tailgating detection for access control,69,96,Answer;BreadcrumbList;ContactPoint;Country;EntryPoint;FAQPage;ImageObject;ListItem;LocalBusiness;Organization;Person;PostalAddress;Question;SearchAction;WebPage;WebSite,0
/features/guides/virtual-perimeter,feature-guide,200,https://www.pgak.co.in/features/guides/virtual-perimeter,"index, follow",AI CCTV intrusion detection: Uses & Setup | PGAK,48,AI CCTV intrusion detection,91,96,Answer;BreadcrumbList;ContactPoint;Country;EntryPoint;FAQPage;ImageObject;ListItem;LocalBusiness;Organization;Person;PostalAddress;Question;SearchAction;WebPage;WebSite,0
/features/intrusion-alerts,feature,200,https://www.pgak.co.in/features/intrusion-alerts,"index, follow",Real-Time CCTV Intrusion Alerts to Your Phone | PGAK,52,Real-time intrusion alerts — because evidence at 9am is not security,141,98,Answer;BreadcrumbList;ContactPoint;Country;EntryPoint;FAQPage;ImageObject;ListItem;LocalBusiness;Organization;Person;PostalAddress;Question;SearchAction;Service;WebPage;WebSite,0
/features/loitering-detection,feature,200,https://www.pgak.co.in/features/loitering-detection,"index, follow",Loitering Detection CCTV — Spot It Before the Theft | PGAK,58,"Loitering detection — theft has a shape, and it starts with standing still",145,98,Answer;BreadcrumbList;ContactPoint;Country;EntryPoint;FAQPage;ImageObject;ListItem;LocalBusiness;Organization;Person;PostalAddress;Question;SearchAction;Service;WebPage;WebSite,0
/features/vehicle-and-anpr,feature,200,https://www.pgak.co.in/features/vehicle-and-anpr,"index, follow",ANPR & Vehicle Recognition — Every Gate Logged | PGAK,53,Vehicle and number plate recognition — the gate register that writes itself,145,98,Answer;BreadcrumbList;ContactPoint;Country;EntryPoint;FAQPage;ImageObject;ListItem;LocalBusiness;Organization;Person;PostalAddress;Question;SearchAction;Service;WebPage;WebSite,0
/free-audit,core/solution,200,https://www.pgak.co.in/free-audit,"index, follow",Free AI Readiness Audit of Your CCTV Cameras | PGAK,51,A free AI readiness audit of the cameras you already have,148,97,Answer;BreadcrumbList;ContactPoint;Country;EntryPoint;FAQPage;ImageObject;ListItem;LocalBusiness;Organization;Person;PostalAddress;Question;SearchAction;Service;WebPage;WebSite,0
/hospital-security,core/solution,200,https://www.pgak.co.in/hospital-security,"index, follow",Hospital Security System — AI CCTV for Wards & Wings | PGAK,59,Hospital security for a building that never closes,135,107,Answer;BreadcrumbList;ContactPoint;Country;EntryPoint;FAQPage;ImageObject;ListItem;LocalBusiness;Organization;Person;PostalAddress;Question;SearchAction;Service;WebPage;WebSite,0
/industrial-cctv,core/solution,200,https://www.pgak.co.in/industrial-cctv,"index, follow",Industrial CCTV for Factories & Warehouses | PGAK,49,Industrial CCTV for sites too big for anyone to watch,150,114,Answer;BreadcrumbList;ContactPoint;Country;EntryPoint;FAQPage;ImageObject;ListItem;LocalBusiness;Organization;Person;PostalAddress;Question;SearchAction;Service;WebPage;WebSite,0
/insights,core/solution,200,https://www.pgak.co.in/insights,"index, follow","AI CCTV Guides — Detection, Attendance & Setup | PGAK",53,"Security, explained straight.",133,171,Blog;BlogPosting;BreadcrumbList;ContactPoint;Country;EntryPoint;ImageObject;ListItem;LocalBusiness;Organization;Person;PostalAddress;SearchAction;WebPage;WebSite,0
/insights/1000-alerts-only-one-is-real,insight,200,https://www.pgak.co.in/insights/1000-alerts-only-one-is-real,"index, follow","1,000 alerts. Only one is real. | PGAK",38,"1,000 alerts. Only one is real.",142,98,BlogPosting;BreadcrumbList;ContactPoint;Country;EntryPoint;ImageObject;ListItem;LocalBusiness;Organization;Person;PostalAddress;SearchAction;WebPage;WebSite,0
/insights/aadhaar-based-attendance-and-aebas-explained,insight,200,https://www.pgak.co.in/insights/aadhaar-based-attendance-and-aebas-explained,"index, follow","Aadhaar Based Attendance and AEBAS, Explained | PGAK",52,"Aadhaar based attendance and AEBAS, explained plainly",152,107,Answer;BlogPosting;BreadcrumbList;ContactPoint;Country;EntryPoint;FAQPage;ImageObject;ListItem;LocalBusiness;Organization;Person;PostalAddress;Question;SearchAction;WebPage;WebSite,0
/insights/add-ai-to-existing-cctv-cameras,insight,200,https://www.pgak.co.in/insights/add-ai-to-existing-cctv-cameras,"index, follow",Can you add AI to CCTV cameras you already own? | PGAK,54,Can you add AI to CCTV cameras you already own?,71,102,Answer;BlogPosting;BreadcrumbList;ContactPoint;Country;EntryPoint;FAQPage;ImageObject;ListItem;LocalBusiness;Organization;Person;PostalAddress;Question;SearchAction;WebPage;WebSite,0
/insights/ai-cctv-false-alarms-how-to-reduce,insight,200,https://www.pgak.co.in/insights/ai-cctv-false-alarms-how-to-reduce,"index, follow",Why your CCTV alerts got muted — and how to fix it | PGAK,57,"Why your CCTV alerts got muted, and how to earn them back",150,99,Answer;BlogPosting;BreadcrumbList;ContactPoint;Country;EntryPoint;FAQPage;ImageObject;ListItem;LocalBusiness;Organization;Person;PostalAddress;Question;SearchAction;WebPage;WebSite,0
/insights/ai-cctv-for-small-shops-worth-it,insight,200,https://www.pgak.co.in/insights/ai-cctv-for-small-shops-worth-it,"index, follow",Is AI CCTV worth it for a small shop? | PGAK,44,Is AI CCTV worth it for a small shop?,137,101,BlogPosting;BreadcrumbList;ContactPoint;Country;EntryPoint;ImageObject;ListItem;LocalBusiness;Organization;Person;PostalAddress;SearchAction;WebPage;WebSite,0
/insights/ai-cctv-price-in-india-what-it-should-cost,insight,200,https://www.pgak.co.in/insights/ai-cctv-price-in-india-what-it-should-cost,"index, follow",What should AI CCTV actually cost in India? | PGAK,50,What should AI CCTV actually cost in India?,117,102,Answer;BlogPosting;BreadcrumbList;ContactPoint;Country;EntryPoint;FAQPage;ImageObject;ListItem;LocalBusiness;Organization;Person;PostalAddress;Question;SearchAction;WebPage;WebSite,0
/insights/ai-cctv-vs-normal-cctv,insight,200,https://www.pgak.co.in/insights/ai-cctv-vs-normal-cctv,"index, follow",AI CCTV vs normal CCTV: what actually changes | PGAK,52,AI CCTV vs normal CCTV: what actually changes,81,103,Answer;BlogPosting;BreadcrumbList;ContactPoint;Country;EntryPoint;FAQPage;ImageObject;ListItem;LocalBusiness;Organization;Person;PostalAddress;Question;SearchAction;WebPage;WebSite,0
/insights/ai-cctv-vs-security-guard-cost,insight,200,https://www.pgak.co.in/insights/ai-cctv-vs-security-guard-cost,"index, follow",AI CCTV vs another security guard: an honest look | PGAK,56,AI CCTV or another security guard? An honest comparison,134,99,Answer;BlogPosting;BreadcrumbList;ContactPoint;Country;EntryPoint;FAQPage;ImageObject;ListItem;LocalBusiness;Organization;Person;PostalAddress;Question;SearchAction;WebPage;WebSite,0
/insights/anpr-number-plate-recognition-when-it-works,insight,200,https://www.pgak.co.in/insights/anpr-number-plate-recognition-when-it-works,"index, follow",Number plate recognition: when it works and when it does not | PGAK,67,Number plate recognition: when it works and when it does not,149,99,Answer;BlogPosting;BreadcrumbList;ContactPoint;Country;EntryPoint;FAQPage;ImageObject;ListItem;LocalBusiness;Organization;Person;PostalAddress;Question;SearchAction;WebPage;WebSite,0
/insights/attendance-24x7-three-shift-operation,insight,200,https://www.pgak.co.in/insights/attendance-24x7-three-shift-operation,"index, follow",Attendance for a 24x7 three-shift operation | PGAK,50,Attendance for a 24x7 three-shift operation,143,99,Answer;BlogPosting;BreadcrumbList;ContactPoint;Country;EntryPoint;FAQPage;ImageObject;ListItem;LocalBusiness;Organization;Person;PostalAddress;Question;SearchAction;WebPage;WebSite,0
/insights/attendance-data-retention-what-to-delete,insight,200,https://www.pgak.co.in/insights/attendance-data-retention-what-to-delete,"index, follow","Attendance data: what to keep, what to delete, when | PGAK",58,"Attendance data: what to keep, what to delete, when",138,99,Answer;BlogPosting;BreadcrumbList;ContactPoint;Country;EntryPoint;FAQPage;ImageObject;ListItem;LocalBusiness;Organization;Person;PostalAddress;Question;SearchAction;WebPage;WebSite,0
/insights/attendance-leave-management-integration,insight,200,https://www.pgak.co.in/insights/attendance-leave-management-integration,"index, follow","Leave, holidays and attendance: keeping one calendar | PGAK",59,"Leave, holidays and attendance: keeping one calendar",90,99,Answer;BlogPosting;BreadcrumbList;ContactPoint;Country;EntryPoint;FAQPage;ImageObject;ListItem;LocalBusiness;Organization;Person;PostalAddress;Question;SearchAction;WebPage;WebSite,0
/insights/attendance-records-law-india,insight,200,https://www.pgak.co.in/insights/attendance-records-law-india,"index, follow",Attendance records under Indian law: what to keep | PGAK,56,Attendance records under Indian law: what you must keep,142,101,Answer;BlogPosting;BreadcrumbList;ContactPoint;Country;EntryPoint;FAQPage;ImageObject;ListItem;LocalBusiness;Organization;Person;PostalAddress;Question;SearchAction;WebPage;WebSite,0
/insights/attendance-seasonal-peak-workforce,insight,200,https://www.pgak.co.in/insights/attendance-seasonal-peak-workforce,"index, follow",Attendance when your workforce triples for a season | PGAK,58,Attendance when your workforce triples for a season,143,99,Answer;BlogPosting;BreadcrumbList;ContactPoint;Country;EntryPoint;FAQPage;ImageObject;ListItem;LocalBusiness;Organization;Person;PostalAddress;Question;SearchAction;WebPage;WebSite,0
/insights/attendance-system-for-contract-labour,insight,200,https://www.pgak.co.in/insights/attendance-system-for-contract-labour,"index, follow",Contract labour attendance: the compliance gap | PGAK,53,Attendance for contract labour: the compliance gap nobody plans for,121,101,Answer;BlogPosting;BreadcrumbList;ContactPoint;Country;EntryPoint;FAQPage;ImageObject;ListItem;LocalBusiness;Organization;Person;PostalAddress;Question;SearchAction;WebPage;WebSite,0
/insights/best-ai-cctv-camera-for-warehouses-india,insight,200,https://www.pgak.co.in/insights/best-ai-cctv-camera-for-warehouses-india,"index, follow",Choosing an AI CCTV camera for an Indian warehouse | PGAK,57,How to choose an AI CCTV camera for a warehouse in India,133,101,BlogPosting;BreadcrumbList;ContactPoint;Country;EntryPoint;ImageObject;ListItem;LocalBusiness;Organization;Person;PostalAddress;SearchAction;WebPage;WebSite,0
/insights/biometric-attendance-machine-price-in-india,insight,200,https://www.pgak.co.in/insights/biometric-attendance-machine-price-in-india,"index, follow",Biometric attendance machine price in India | PGAK,50,Biometric attendance machine price in India: the full math,102,99,Answer;BlogPosting;BreadcrumbList;ContactPoint;Country;EntryPoint;FAQPage;ImageObject;ListItem;LocalBusiness;Organization;Person;PostalAddress;Question;SearchAction;WebPage;WebSite,0
/insights/biometric-attendance-payroll-integration,insight,200,https://www.pgak.co.in/insights/biometric-attendance-payroll-integration,"index, follow",Connecting biometric attendance to payroll | PGAK,49,Connecting biometric attendance to payroll without retyping,137,99,Answer;BlogPosting;BreadcrumbList;ContactPoint;Country;EntryPoint;FAQPage;ImageObject;ListItem;LocalBusiness;Organization;Person;PostalAddress;Question;SearchAction;WebPage;WebSite,0
/insights/camera-resolution-vs-distance,insight,200,https://www.pgak.co.in/insights/camera-resolution-vs-distance,"index, follow",Camera resolution vs distance: the pixel math | PGAK,52,Camera resolution vs distance: the pixel math,96,99,Answer;BlogPosting;BreadcrumbList;ContactPoint;Country;EntryPoint;FAQPage;ImageObject;ListItem;LocalBusiness;Organization;Person;PostalAddress;Question;SearchAction;WebPage;WebSite,0
/insights/can-a-photo-fool-face-attendance,insight,200,https://www.pgak.co.in/insights/can-a-photo-fool-face-attendance,"index, follow",Can someone fool face attendance with a photo? | PGAK,53,Can someone fool face attendance with a photo?,143,99,Answer;BlogPosting;BreadcrumbList;ContactPoint;Country;EntryPoint;FAQPage;ImageObject;ListItem;LocalBusiness;Organization;Person;PostalAddress;Question;SearchAction;WebPage;WebSite,0
/insights/case-studies,case-study,200,https://www.pgak.co.in/insights/case-studies,"index, follow","AI CCTV Use Cases — Warehouse, Factory, Retail | PGAK",53,What AI CCTV looks like on a site like yours,147,94,BreadcrumbList;ContactPoint;Country;EntryPoint;ImageObject;ListItem;LocalBusiness;Organization;Person;PostalAddress;SearchAction;WebPage;WebSite,0
/insights/case-studies/factory-gate-attendance-coimbatore,case-study,200,https://www.pgak.co.in/insights/case-studies/factory-gate-attendance-coimbatore,"index, follow",Factory Gate Use Case — Face Recognition vs Biometric | PGAK,60,The factory gate where fingerprints stopped working,137,94,Article;BreadcrumbList;ContactPoint;Country;EntryPoint;ImageObject;ListItem;LocalBusiness;Organization;Person;PostalAddress;SearchAction;WebPage;WebSite,0
/insights/case-studies/housing-society-gate-log,case-study,200,https://www.pgak.co.in/insights/case-studies/housing-society-gate-log,"index, follow",Housing Society Use Case — Automating the Gate Log | PGAK,57,The society gate register nobody could read,138,91,Article;BreadcrumbList;ContactPoint;Country;EntryPoint;ImageObject;ListItem;LocalBusiness;Organization;Person;PostalAddress;SearchAction;WebPage;WebSite,0
/insights/case-studies/retail-false-alarms-jaipur,case-study,200,https://www.pgak.co.in/insights/case-studies/retail-false-alarms-jaipur,"index, follow",Retail Use Case — Cutting False Alarms Staff Ignore | PGAK,58,The retail chain that had muted its own security app,142,93,Article;BreadcrumbList;ContactPoint;Country;EntryPoint;ImageObject;ListItem;LocalBusiness;Organization;Person;PostalAddress;SearchAction;WebPage;WebSite,0
/insights/case-studies/warehouse-shrinkage-ludhiana,case-study,200,https://www.pgak.co.in/insights/case-studies/warehouse-shrinkage-ludhiana,"index, follow",Warehouse Use Case — Cutting Shrinkage on 120 Cameras | PGAK,60,A 120-camera warehouse that could not watch any of them,143,93,Article;BreadcrumbList;ContactPoint;Country;EntryPoint;ImageObject;ListItem;LocalBusiness;Organization;Person;PostalAddress;SearchAction;WebPage;WebSite,0
/insights/cctv-amc-what-should-it-include,insight,200,https://www.pgak.co.in/insights/cctv-amc-what-should-it-include,"index, follow",CCTV AMC in India: what it should actually include | PGAK,57,CCTV AMC in India: what it should actually include,122,99,Answer;BlogPosting;BreadcrumbList;ContactPoint;Country;EntryPoint;FAQPage;ImageObject;ListItem;LocalBusiness;Organization;Person;PostalAddress;Question;SearchAction;WebPage;WebSite,0
/insights/cctv-blind-spots-where-thieves-look,insight,200,https://www.pgak.co.in/insights/cctv-blind-spots-where-thieves-look,"index, follow",Where the blind spots are: how a site gets cased | PGAK,55,Where the blind spots are: how a site gets cased,119,99,Answer;BlogPosting;BreadcrumbList;ContactPoint;Country;EntryPoint;FAQPage;ImageObject;ListItem;LocalBusiness;Organization;Person;PostalAddress;Question;SearchAction;WebPage;WebSite,0
/insights/cctv-cabling-corner-cutting,insight,200,https://www.pgak.co.in/insights/cctv-cabling-corner-cutting,"index, follow",CCTV cabling: where installers cut corners | PGAK,49,CCTV cabling: where installers cut corners,133,99,Answer;BlogPosting;BreadcrumbList;ContactPoint;Country;EntryPoint;FAQPage;ImageObject;ListItem;LocalBusiness;Organization;Person;PostalAddress;Question;SearchAction;WebPage;WebSite,0
/insights/cctv-camera-offline-how-to-know,insight,200,https://www.pgak.co.in/insights/cctv-camera-offline-how-to-know,"index, follow",Would you know if a camera went offline? | PGAK,47,Your camera has been offline for weeks. Would you know?,87,99,Answer;BlogPosting;BreadcrumbList;ContactPoint;Country;EntryPoint;FAQPage;ImageObject;ListItem;LocalBusiness;Organization;Person;PostalAddress;Question;SearchAction;WebPage;WebSite,0
/insights/cctv-camera-tampering-detection,insight,200,https://www.pgak.co.in/insights/cctv-camera-tampering-detection,"index, follow",They cover the camera first. Would you know? | PGAK,51,They cover the camera first. Would you know?,90,100,Answer;BlogPosting;BreadcrumbList;ContactPoint;Country;EntryPoint;FAQPage;ImageObject;ListItem;LocalBusiness;Organization;Person;PostalAddress;Question;SearchAction;WebPage;WebSite,0
/insights/cctv-footage-legal-evidence-india,insight,200,https://www.pgak.co.in/insights/cctv-footage-legal-evidence-india,"index, follow",Is CCTV footage admissible evidence in India? | PGAK,52,Is CCTV footage admissible evidence in India?,146,99,Answer;BlogPosting;BreadcrumbList;ContactPoint;Country;EntryPoint;FAQPage;ImageObject;ListItem;LocalBusiness;Organization;Person;PostalAddress;Question;SearchAction;WebPage;WebSite,0
/insights/cctv-monsoon-failures,insight,200,https://www.pgak.co.in/insights/cctv-monsoon-failures,"index, follow","What CCTV fails in the monsoon, and how to prevent it | PGAK",60,"What CCTV fails in the monsoon, and how to prevent it",126,99,Answer;BlogPosting;BreadcrumbList;ContactPoint;Country;EntryPoint;FAQPage;ImageObject;ListItem;LocalBusiness;Organization;Person;PostalAddress;Question;SearchAction;WebPage;WebSite,0
/insights/cctv-new-rule-2026-india-stqc-er-compliance,insight,200,https://www.pgak.co.in/insights/cctv-new-rule-2026-india-stqc-er-compliance,"index, follow","""Your cameras are now illegal"" — what the 2026 CCTV rule actually says | PGAK",77,"""Your cameras are now illegal"" — what the 2026 CCTV rule actually says",104,99,Answer;BlogPosting;BreadcrumbList;ContactPoint;Country;EntryPoint;FAQPage;ImageObject;ListItem;LocalBusiness;Organization;Person;PostalAddress;Question;SearchAction;WebPage;WebSite,0
/insights/cctv-signage-requirements-india,insight,200,https://www.pgak.co.in/insights/cctv-signage-requirements-india,"index, follow",Do you need CCTV signage? What the notice should say | PGAK,59,Do you need CCTV signage? What the notice should say,146,99,Answer;BlogPosting;BreadcrumbList;ContactPoint;Country;EntryPoint;FAQPage;ImageObject;ListItem;LocalBusiness;Organization;Person;PostalAddress;Question;SearchAction;WebPage;WebSite,0
/insights/cctv-storage-how-many-days,insight,200,https://www.pgak.co.in/insights/cctv-storage-how-many-days,"index, follow",How many days of CCTV footage are you really keeping? | PGAK,60,How many days of CCTV footage are you really keeping?,129,99,Answer;BlogPosting;BreadcrumbList;ContactPoint;Country;EntryPoint;FAQPage;ImageObject;ListItem;LocalBusiness;Organization;Person;PostalAddress;Question;SearchAction;WebPage;WebSite,0
/insights/cctv-total-cost-of-ownership-5-years,insight,200,https://www.pgak.co.in/insights/cctv-total-cost-of-ownership-5-years,"index, follow","The five-year cost of a CCTV system, itemised | PGAK",52,"The five-year cost of a CCTV system, itemised",89,99,Answer;BlogPosting;BreadcrumbList;ContactPoint;Country;EntryPoint;FAQPage;ImageObject;ListItem;LocalBusiness;Organization;Person;PostalAddress;Question;SearchAction;WebPage;WebSite,0
/insights/cctv-workplace-privacy-india,insight,200,https://www.pgak.co.in/insights/cctv-workplace-privacy-india,"index, follow",CCTV in the workplace: what you may and may not record | PGAK,61,CCTV in the workplace: what you may and may not record,148,99,Answer;BlogPosting;BreadcrumbList;ContactPoint;Country;EntryPoint;FAQPage;ImageObject;ListItem;LocalBusiness;Organization;Person;PostalAddress;Question;SearchAction;WebPage;WebSite,0
/insights/cold-storage-monitoring-cameras,insight,200,https://www.pgak.co.in/insights/cold-storage-monitoring-cameras,"index, follow","Cold storage: cameras, doors and the cost of a door left open | PGAK",68,"Cold storage: cameras, doors and the cost of a door left open",136,99,Answer;BlogPosting;BreadcrumbList;ContactPoint;Country;EntryPoint;FAQPage;ImageObject;ListItem;LocalBusiness;Organization;Person;PostalAddress;Question;SearchAction;WebPage;WebSite,0
/insights/does-ai-cctv-work-without-internet,insight,200,https://www.pgak.co.in/insights/does-ai-cctv-work-without-internet,"index, follow",Does AI CCTV work without internet? | PGAK,42,Does AI CCTV work without internet?,137,100,Answer;BlogPosting;BreadcrumbList;ContactPoint;Country;EntryPoint;FAQPage;ImageObject;ListItem;LocalBusiness;Organization;Person;PostalAddress;Question;SearchAction;WebPage;WebSite,0
/insights/does-ai-work-with-tapo-imou-qubo-cameras,insight,200,https://www.pgak.co.in/insights/does-ai-work-with-tapo-imou-qubo-cameras,"index, follow","Does AI work with my Tapo, Imou, Qubo or Prama camera? | PGAK",61,"Does AI work with my Tapo, Imou, Qubo or Prama camera?",153,99,Answer;BlogPosting;BreadcrumbList;ContactPoint;Country;EntryPoint;FAQPage;ImageObject;ListItem;LocalBusiness;Organization;Person;PostalAddress;Question;SearchAction;WebPage;WebSite,0
/insights/dvr-vs-nvr-which-do-you-have,insight,200,https://www.pgak.co.in/insights/dvr-vs-nvr-which-do-you-have,"index, follow","DVR or NVR: which do you actually have, and does it matter | PGAK",65,"DVR or NVR: which do you actually have, and does it matter",129,99,Answer;BlogPosting;BreadcrumbList;ContactPoint;Country;EntryPoint;FAQPage;ImageObject;ListItem;LocalBusiness;Organization;Person;PostalAddress;Question;SearchAction;WebPage;WebSite,0
/insights/employee-refuses-biometric-consent,insight,200,https://www.pgak.co.in/insights/employee-refuses-biometric-consent,"index, follow",When an employee refuses biometric attendance | PGAK,52,When an employee refuses biometric attendance,137,99,Answer;BlogPosting;BreadcrumbList;ContactPoint;Country;EntryPoint;FAQPage;ImageObject;ListItem;LocalBusiness;Organization;Person;PostalAddress;Question;SearchAction;WebPage;WebSite,0
/insights/face-recognition-accuracy-what-affects-it,insight,200,https://www.pgak.co.in/insights/face-recognition-accuracy-what-affects-it,"index, follow",What actually affects face recognition accuracy | PGAK,54,What actually affects face recognition accuracy,146,99,Answer;BlogPosting;BreadcrumbList;ContactPoint;Country;EntryPoint;FAQPage;ImageObject;ListItem;LocalBusiness;Organization;Person;PostalAddress;Question;SearchAction;WebPage;WebSite,0
/insights/face-recognition-attendance-vs-biometric-machine,insight,200,https://www.pgak.co.in/insights/face-recognition-attendance-vs-biometric-machine,"index, follow",Face recognition attendance vs biometric machines | PGAK,56,Face recognition attendance vs biometric machines,153,104,Answer;BlogPosting;BreadcrumbList;ContactPoint;Country;EntryPoint;FAQPage;ImageObject;ListItem;LocalBusiness;Organization;Person;PostalAddress;Question;SearchAction;WebPage;WebSite,0
/insights/face-recognition-low-light-gate,insight,200,https://www.pgak.co.in/insights/face-recognition-low-light-gate,"index, follow",Face recognition at a badly lit gate | PGAK,43,Face recognition at a badly lit gate,145,99,Answer;BlogPosting;BreadcrumbList;ContactPoint;Country;EntryPoint;FAQPage;ImageObject;ListItem;LocalBusiness;Organization;Person;PostalAddress;Question;SearchAction;WebPage;WebSite,0
/insights/fingerprint-attendance-system-why-it-fails,insight,200,https://www.pgak.co.in/insights/fingerprint-attendance-system-why-it-fails,"index, follow",Fingerprint attendance: where it works and fails | PGAK,55,"Fingerprint attendance systems: where they work, where they fail",93,99,Answer;BlogPosting;BreadcrumbList;ContactPoint;Country;EntryPoint;FAQPage;ImageObject;ListItem;LocalBusiness;Organization;Person;PostalAddress;Question;SearchAction;WebPage;WebSite,0
/insights/geofencing-attendance-field-staff,insight,200,https://www.pgak.co.in/insights/geofencing-attendance-field-staff,"index, follow",Field staff attendance without micromanaging | PGAK,51,Field staff attendance: geofencing without micromanaging,116,99,Answer;BlogPosting;BreadcrumbList;ContactPoint;Country;EntryPoint;FAQPage;ImageObject;ListItem;LocalBusiness;Organization;Person;PostalAddress;Question;SearchAction;WebPage;WebSite,0
/insights/hotel-security-and-staff-attendance,insight,200,https://www.pgak.co.in/insights/hotel-security-and-staff-attendance,"index, follow",Hotels: guest safety and staff attendance on one estate | PGAK,62,Hotels: guest safety and staff attendance on one estate,122,99,Answer;BlogPosting;BreadcrumbList;ContactPoint;Country;EntryPoint;FAQPage;ImageObject;ListItem;LocalBusiness;Organization;Person;PostalAddress;Question;SearchAction;WebPage;WebSite,0
/insights/housing-society-gate-management,insight,200,https://www.pgak.co.in/insights/housing-society-gate-management,"index, follow","Housing society gates: visitors, vehicles and accountability | PGAK",67,"Housing society gates: visitors, vehicles and accountability",131,99,Answer;BlogPosting;BreadcrumbList;ContactPoint;Country;EntryPoint;FAQPage;ImageObject;ListItem;LocalBusiness;Organization;Person;PostalAddress;Question;SearchAction;WebPage;WebSite,0
/insights/how-does-ai-intruder-detection-work,insight,200,https://www.pgak.co.in/insights/how-does-ai-intruder-detection-work,"index, follow",How does AI intruder detection actually work? | PGAK,52,How does AI intruder detection actually work?,142,101,BlogPosting;BreadcrumbList;ContactPoint;Country;EntryPoint;ImageObject;ListItem;LocalBusiness;Organization;Person;PostalAddress;SearchAction;WebPage;WebSite,0
/insights/how-many-cameras-does-a-warehouse-need,insight,200,https://www.pgak.co.in/insights/how-many-cameras-does-a-warehouse-need,"index, follow",How many cameras does a warehouse actually need? | PGAK,55,How many cameras does a warehouse actually need?,151,99,Answer;BlogPosting;BreadcrumbList;ContactPoint;Country;EntryPoint;FAQPage;ImageObject;ListItem;LocalBusiness;Organization;Person;PostalAddress;Question;SearchAction;WebPage;WebSite,0
/insights/how-many-cctv-cameras-does-a-factory-need,insight,200,https://www.pgak.co.in/insights/how-many-cctv-cameras-does-a-factory-need,"index, follow",How many CCTV cameras does a factory need? | PGAK,49,How many CCTV cameras does a factory need?,144,101,Answer;BlogPosting;BreadcrumbList;ContactPoint;Country;EntryPoint;FAQPage;ImageObject;ListItem;LocalBusiness;Organization;Person;PostalAddress;Question;SearchAction;WebPage;WebSite,0
/insights/how-many-of-your-cameras-can-actually-recognize-a-face,insight,200,https://www.pgak.co.in/insights/how-many-of-your-cameras-can-actually-recognize-a-face,"index, follow",How many of your cameras can recognise a face? | PGAK,53,How many of your 16 cameras can actually recognize a face?,73,99,BlogPosting;BreadcrumbList;ContactPoint;Country;EntryPoint;ImageObject;ListItem;LocalBusiness;Organization;Person;PostalAddress;SearchAction;WebPage;WebSite,0
/insights/how-many-photos-face-enrolment,insight,200,https://www.pgak.co.in/insights/how-many-photos-face-enrolment,"index, follow",How many photos does face enrolment actually need | PGAK,56,How many photos does face enrolment actually need,152,99,Answer;BlogPosting;BreadcrumbList;ContactPoint;Country;EntryPoint;FAQPage;ImageObject;ListItem;LocalBusiness;Organization;Person;PostalAddress;Question;SearchAction;WebPage;WebSite,0
/insights/how-to-choose-a-cctv-installation-company,insight,200,https://www.pgak.co.in/insights/how-to-choose-a-cctv-installation-company,"index, follow",How to choose a CCTV installation company in India | PGAK,57,How to choose a CCTV installation company in India,112,99,Answer;BlogPosting;BreadcrumbList;ContactPoint;Country;EntryPoint;FAQPage;ImageObject;ListItem;LocalBusiness;Organization;Person;PostalAddress;Question;SearchAction;WebPage;WebSite,0
/insights/how-to-stop-proxy-attendance,insight,200,https://www.pgak.co.in/insights/how-to-stop-proxy-attendance,"index, follow",How to stop proxy attendance for good | PGAK,44,How to stop proxy attendance (buddy punching) for good,120,99,Answer;BlogPosting;BreadcrumbList;ContactPoint;Country;EntryPoint;FAQPage;ImageObject;ListItem;LocalBusiness;Organization;Person;PostalAddress;Question;SearchAction;WebPage;WebSite,0
/insights/ip-vs-analogue-cameras-india,insight,200,https://www.pgak.co.in/insights/ip-vs-analogue-cameras-india,"index, follow",IP or analogue cameras: the honest comparison for India | PGAK,62,IP or analogue cameras: the honest comparison for India,151,101,Answer;BlogPosting;BreadcrumbList;ContactPoint;Country;EntryPoint;FAQPage;ImageObject;ListItem;LocalBusiness;Organization;Person;PostalAddress;Question;SearchAction;WebPage;WebSite,0
/insights/is-ai-cctv-legal-in-india-dpdp-act,insight,200,https://www.pgak.co.in/insights/is-ai-cctv-legal-in-india-dpdp-act,"index, follow",Is AI CCTV legal in India? Consent and the DPDP Act | PGAK,58,Is AI CCTV legal in India? Consent and the DPDP Act,142,102,Answer;BlogPosting;BreadcrumbList;ContactPoint;Country;EntryPoint;FAQPage;ImageObject;ListItem;LocalBusiness;Organization;Person;PostalAddress;Question;SearchAction;WebPage;WebSite,0
/insights/jewellery-shop-security-india,insight,200,https://www.pgak.co.in/insights/jewellery-shop-security-india,"index, follow","Jewellery retail security: layered, not just more cameras | PGAK",64,"Jewellery retail security: layered, not just more cameras",142,99,Answer;BlogPosting;BreadcrumbList;ContactPoint;Country;EntryPoint;FAQPage;ImageObject;ListItem;LocalBusiness;Organization;Person;PostalAddress;Question;SearchAction;WebPage;WebSite,0
/insights/late-mark-policy-design,insight,200,https://www.pgak.co.in/insights/late-mark-policy-design,"index, follow",Designing a late-mark policy people accept | PGAK,49,Designing a late-mark policy people accept,146,99,Answer;BlogPosting;BreadcrumbList;ContactPoint;Country;EntryPoint;FAQPage;ImageObject;ListItem;LocalBusiness;Organization;Person;PostalAddress;Question;SearchAction;WebPage;WebSite,0
/insights/loitering-detection-explained,insight,200,https://www.pgak.co.in/insights/loitering-detection-explained,"index, follow",Loitering detection: what it catches that motion does not | PGAK,64,Loitering detection: what it catches that motion does not,126,99,Answer;BlogPosting;BreadcrumbList;ContactPoint;Country;EntryPoint;FAQPage;ImageObject;ListItem;LocalBusiness;Organization;Person;PostalAddress;Question;SearchAction;WebPage;WebSite,0
/insights/masks-helmets-turbans-face-recognition,insight,200,https://www.pgak.co.in/insights/masks-helmets-turbans-face-recognition,"index, follow","Face recognition with helmets, turbans and masks | PGAK",55,"Helmets, turbans and masks: what face recognition can handle",144,99,Answer;BlogPosting;BreadcrumbList;ContactPoint;Country;EntryPoint;FAQPage;ImageObject;ListItem;LocalBusiness;Organization;Person;PostalAddress;Question;SearchAction;WebPage;WebSite,0
/insights/migrating-attendance-system-without-losing-history,insight,200,https://www.pgak.co.in/insights/migrating-attendance-system-without-losing-history,"index, follow",Switching attendance systems without losing history | PGAK,58,Switching attendance systems without losing history,143,99,Answer;BlogPosting;BreadcrumbList;ContactPoint;Country;EntryPoint;FAQPage;ImageObject;ListItem;LocalBusiness;Organization;Person;PostalAddress;Question;SearchAction;WebPage;WebSite,0
/insights/multi-location-attendance-management,insight,200,https://www.pgak.co.in/insights/multi-location-attendance-management,"index, follow",Managing attendance across multiple locations | PGAK,52,Managing attendance across multiple locations,107,99,Answer;BlogPosting;BreadcrumbList;ContactPoint;Country;EntryPoint;FAQPage;ImageObject;ListItem;LocalBusiness;Organization;Person;PostalAddress;Question;SearchAction;WebPage;WebSite,0
/insights/night-shift-attendance-tracking,insight,200,https://www.pgak.co.in/insights/night-shift-attendance-tracking,"index, follow",Night shift attendance: proving who was there | PGAK,52,Night shift attendance: proving who was actually there,153,99,Answer;BlogPosting;BreadcrumbList;ContactPoint;Country;EntryPoint;FAQPage;ImageObject;ListItem;LocalBusiness;Organization;Person;PostalAddress;Question;SearchAction;WebPage;WebSite,0
/insights/nobody-can-watch-120-camera-feeds,insight,200,https://www.pgak.co.in/insights/nobody-can-watch-120-camera-feeds,"index, follow",You have 120 cameras. Nobody can watch them all. | PGAK,55,You have 120 cameras. Nobody can watch them all.,100,98,BlogPosting;BreadcrumbList;ContactPoint;Country;EntryPoint;ImageObject;ListItem;LocalBusiness;Organization;Person;PostalAddress;SearchAction;WebPage;WebSite,0
/insights/onboarding-employee-into-attendance,insight,200,https://www.pgak.co.in/insights/onboarding-employee-into-attendance,"index, follow",Getting a new joiner onto attendance in five minutes | PGAK,59,Getting a new joiner onto attendance in five minutes,147,99,Answer;BlogPosting;BreadcrumbList;ContactPoint;Country;EntryPoint;FAQPage;ImageObject;ListItem;LocalBusiness;Organization;Person;PostalAddress;Question;SearchAction;WebPage;WebSite,0
/insights/overtime-disputes-common-causes,insight,200,https://www.pgak.co.in/insights/overtime-disputes-common-causes,"index, follow",The five causes of every overtime dispute | PGAK,48,The five causes of every overtime dispute,148,99,Answer;BlogPosting;BreadcrumbList;ContactPoint;Country;EntryPoint;FAQPage;ImageObject;ListItem;LocalBusiness;Organization;Person;PostalAddress;Question;SearchAction;WebPage;WebSite,0
/insights/people-counting-footfall-cctv,insight,200,https://www.pgak.co.in/insights/people-counting-footfall-cctv,"index, follow",People counting from cameras you already own | PGAK,51,People counting from cameras you already own,135,99,Answer;BlogPosting;BreadcrumbList;ContactPoint;Country;EntryPoint;FAQPage;ImageObject;ListItem;LocalBusiness;Organization;Person;PostalAddress;Question;SearchAction;WebPage;WebSite,0
/insights/petrol-pump-security-cameras,insight,200,https://www.pgak.co.in/insights/petrol-pump-security-cameras,"index, follow",Petrol pump security: the four positions that matter | PGAK,59,Petrol pump security: the four positions that matter,144,100,Answer;BlogPosting;BreadcrumbList;ContactPoint;Country;EntryPoint;FAQPage;ImageObject;ListItem;LocalBusiness;Organization;Person;PostalAddress;Question;SearchAction;WebPage;WebSite,0
/insights/pharmacy-medical-store-security,insight,200,https://www.pgak.co.in/insights/pharmacy-medical-store-security,"index, follow","Pharmacy security: schedule drugs, cash and staff | PGAK",56,"Pharmacy security: schedule drugs, cash and staff",129,99,Answer;BlogPosting;BreadcrumbList;ContactPoint;Country;EntryPoint;FAQPage;ImageObject;ListItem;LocalBusiness;Organization;Person;PostalAddress;Question;SearchAction;WebPage;WebSite,0
/insights/replace-attendance-register-with-camera,insight,200,https://www.pgak.co.in/insights/replace-attendance-register-with-camera,"index, follow",Replacing the paper attendance register | PGAK,46,Replacing the paper attendance register: a practical path,78,99,Answer;BlogPosting;BreadcrumbList;ContactPoint;Country;EntryPoint;FAQPage;ImageObject;ListItem;LocalBusiness;Organization;Person;PostalAddress;Question;SearchAction;WebPage;WebSite,0
/insights/restaurant-kitchen-attendance-hygiene,insight,200,https://www.pgak.co.in/insights/restaurant-kitchen-attendance-hygiene,"index, follow",Restaurants: attendance without a shared-touch device in the kitchen | PGAK,75,Restaurants: attendance without a shared-touch device in the kitchen,154,99,Answer;BlogPosting;BreadcrumbList;ContactPoint;Country;EntryPoint;FAQPage;ImageObject;ListItem;LocalBusiness;Organization;Person;PostalAddress;Question;SearchAction;WebPage;WebSite,0
/insights/reuse-existing-cctv-or-replace,insight,200,https://www.pgak.co.in/insights/reuse-existing-cctv-or-replace,"index, follow",Reuse your existing CCTV or replace it? | PGAK,46,Reuse your existing CCTV or replace it? A decision guide,72,99,Answer;BlogPosting;BreadcrumbList;ContactPoint;Country;EntryPoint;FAQPage;ImageObject;ListItem;LocalBusiness;Organization;Person;PostalAddress;Question;SearchAction;WebPage;WebSite,0
/insights/rice-sheller-grain-mandi-security,insight,200,https://www.pgak.co.in/insights/rice-sheller-grain-mandi-security,"index, follow",Rice shellers and grain mandis: seasonal labour and stock | PGAK,64,Rice shellers and grain mandis: seasonal labour and stock,136,99,Answer;BlogPosting;BreadcrumbList;ContactPoint;Country;EntryPoint;FAQPage;ImageObject;ListItem;LocalBusiness;Organization;Person;PostalAddress;Question;SearchAction;WebPage;WebSite,0
/insights/shift-management-attendance-india,insight,200,https://www.pgak.co.in/insights/shift-management-attendance-india,"index, follow",Rotating shifts and attendance rules in India | PGAK,52,Rotating shifts and attendance: getting the rules right,132,99,Answer;BlogPosting;BreadcrumbList;ContactPoint;Country;EntryPoint;FAQPage;ImageObject;ListItem;LocalBusiness;Organization;Person;PostalAddress;Question;SearchAction;WebPage;WebSite,0
/insights/showroom-retail-shrinkage,insight,200,https://www.pgak.co.in/insights/showroom-retail-shrinkage,"index, follow",Showroom shrinkage: the evidence index approach | PGAK,54,Showroom shrinkage: the evidence index approach,155,99,Answer;BlogPosting;BreadcrumbList;ContactPoint;Country;EntryPoint;FAQPage;ImageObject;ListItem;LocalBusiness;Organization;Person;PostalAddress;Question;SearchAction;WebPage;WebSite,0
/insights/stop-threats-before-they-happen,insight,200,https://www.pgak.co.in/insights/stop-threats-before-they-happen,"index, follow",Stop threats before they happen. | PGAK,39,Stop threats before they happen.,147,98,BlogPosting;BreadcrumbList;ContactPoint;Country;EntryPoint;ImageObject;ListItem;LocalBusiness;Organization;Person;PostalAddress;SearchAction;WebPage;WebSite,0
/insights/textile-unit-security-attendance,insight,200,https://www.pgak.co.in/insights/textile-unit-security-attendance,"index, follow","Textile units: dust, shifts and worn fingerprints | PGAK",56,"Textile units: dust, shifts and worn fingerprints",118,99,Answer;BlogPosting;BreadcrumbList;ContactPoint;Country;EntryPoint;FAQPage;ImageObject;ListItem;LocalBusiness;Organization;Person;PostalAddress;Question;SearchAction;WebPage;WebSite,0
/insights/what-is-video-analytics-software,insight,200,https://www.pgak.co.in/insights/what-is-video-analytics-software,"index, follow","What is video analytics software, and do you need it? | PGAK",60,"What is video analytics software, and do you need it?",76,99,Answer;BlogPosting;BreadcrumbList;ContactPoint;Country;EntryPoint;FAQPage;ImageObject;ListItem;LocalBusiness;Organization;Person;PostalAddress;Question;SearchAction;WebPage;WebSite,0
/insights/what-to-check-before-buying-attendance-system,insight,200,https://www.pgak.co.in/insights/what-to-check-before-buying-attendance-system,"index, follow",12 questions before buying an attendance system | PGAK,54,Twelve questions to ask before buying any attendance system,151,101,Answer;BlogPosting;BreadcrumbList;ContactPoint;Country;EntryPoint;FAQPage;ImageObject;ListItem;LocalBusiness;Organization;Person;PostalAddress;Question;SearchAction;WebPage;WebSite,0
/insights/what-to-do-day-after-a-theft,insight,200,https://www.pgak.co.in/insights/what-to-do-day-after-a-theft,"index, follow",The day after a theft: a practical checklist | PGAK,51,The day after a theft: a practical checklist,156,99,Answer;BlogPosting;BreadcrumbList;ContactPoint;Country;EntryPoint;FAQPage;ImageObject;ListItem;LocalBusiness;Organization;Person;PostalAddress;Question;SearchAction;WebPage;WebSite,0
/insights/where-to-place-cctv-cameras-for-ai-detection,insight,200,https://www.pgak.co.in/insights/where-to-place-cctv-cameras-for-ai-detection,"index, follow",Where to place CCTV cameras for AI detection | PGAK,51,Where to place CCTV cameras so AI detection actually works,151,101,BlogPosting;BreadcrumbList;ContactPoint;Country;EntryPoint;ImageObject;ListItem;LocalBusiness;Organization;Person;PostalAddress;SearchAction;WebPage;WebSite,0
/insights/why-biometric-attendance-machines-fail-at-the-factory-gate,insight,200,https://www.pgak.co.in/insights/why-biometric-attendance-machines-fail-at-the-factory-gate,"index, follow",Why attendance machines fail at the factory gate | PGAK,55,Why biometric attendance machines fail at the factory gate,105,101,BlogPosting;BreadcrumbList;ContactPoint;Country;EntryPoint;ImageObject;ListItem;LocalBusiness;Organization;Person;PostalAddress;SearchAction;WebPage;WebSite,0
/insights/your-dvr-records-the-theft-it-doesnt-stop-it,insight,200,https://www.pgak.co.in/insights/your-dvr-records-the-theft-it-doesnt-stop-it,"index, follow",Your DVR records the theft. It doesn't stop it. | PGAK,54,Your DVR records the theft. It doesn't stop it.,143,99,BlogPosting;BreadcrumbList;ContactPoint;Country;EntryPoint;ImageObject;ListItem;LocalBusiness;Organization;Person;PostalAddress;SearchAction;WebPage;WebSite,0
/multi-site-cctv-monitoring,core/solution,200,https://www.pgak.co.in/multi-site-cctv-monitoring,"index, follow",Multi-Site CCTV Monitoring on One Screen | PGAK,47,"Every site on one screen, instead of one app per location",154,111,Answer;BreadcrumbList;ContactPoint;Country;EntryPoint;FAQPage;ImageObject;ListItem;LocalBusiness;Organization;Person;PostalAddress;Question;SearchAction;Service;WebPage;WebSite,0
/pricing,core/solution,200,https://www.pgak.co.in/pricing,"index, follow",AI Video Analytics Pricing in India | Get a Quote | PGAK,56,What AI CCTV costs in India,151,101,Answer;BreadcrumbList;ContactPoint;Country;EntryPoint;FAQPage;ImageObject;ListItem;LocalBusiness;Organization;Person;PostalAddress;Question;SearchAction;WebPage;WebSite,0
/privacy,core/solution,200,https://www.pgak.co.in/privacy,"index, follow",Privacy Policy — PGAK,21,Privacy Policy,138,4,ContactPoint;Country;EntryPoint;ImageObject;LocalBusiness;Organization;Person;PostalAddress;SearchAction;WebSite,0
/remote-cctv-monitoring,core/solution,200,https://www.pgak.co.in/remote-cctv-monitoring,"index, follow",Remote CCTV Monitoring That Contacts You | PGAK,47,"Remote CCTV monitoring that calls you, not the other way round",160,112,Answer;BreadcrumbList;ContactPoint;Country;EntryPoint;FAQPage;ImageObject;ListItem;LocalBusiness;Organization;Person;PostalAddress;Question;SearchAction;Service;WebPage;WebSite,0
/residential-security,core/solution,200,https://www.pgak.co.in/residential-security,"index, follow",Smart Home Security — AI CCTV for Houses & Societies | PGAK,59,A smart home security system that knows the difference between your family and a stranger,133,107,Answer;BreadcrumbList;ContactPoint;Country;EntryPoint;FAQPage;ImageObject;ListItem;LocalBusiness;Organization;Person;PostalAddress;Question;SearchAction;Service;WebPage;WebSite,0
/retail-shop-security,core/solution,200,https://www.pgak.co.in/retail-shop-security,"index, follow",Retail Shop Security — AI CCTV That Catches Theft | PGAK,56,"Retail shop security that acts during the theft, not after it",131,108,Answer;BreadcrumbList;ContactPoint;Country;EntryPoint;FAQPage;ImageObject;ListItem;LocalBusiness;Organization;Person;PostalAddress;Question;SearchAction;Service;WebPage;WebSite,0
/roi-calculator,core/solution,200,https://www.pgak.co.in/roi-calculator,"index, follow",AI CCTV ROI Calculator — What Would It Save You? | PGAK,55,What would AI CCTV actually give back?,141,91,Answer;BreadcrumbList;ContactPoint;Country;EntryPoint;FAQPage;ImageObject;ListItem;LocalBusiness;Organization;Person;PostalAddress;Question;SearchAction;WebPage;WebSite,0
/school-security,core/solution,200,https://www.pgak.co.in/school-security,"index, follow",School Security System — AI CCTV for Campus Gates | PGAK,56,School security that knows who belongs on campus,128,107,Answer;BreadcrumbList;ContactPoint;Country;EntryPoint;FAQPage;ImageObject;ListItem;LocalBusiness;Organization;Person;PostalAddress;Question;SearchAction;Service;WebPage;WebSite,0
/smart-perimeter-protection,core/solution,200,https://www.pgak.co.in/smart-perimeter-protection,"index, follow",Smart Perimeter Protection — Virtual Fencing | PGAK,51,Smart perimeter protection — a fence that reports itself,133,110,Answer;BreadcrumbList;ContactPoint;Country;EntryPoint;FAQPage;ImageObject;ListItem;LocalBusiness;Organization;Person;PostalAddress;Question;SearchAction;Service;WebPage;WebSite,0
/solutions,core/solution,200,https://www.pgak.co.in/solutions,"index, follow","AI CCTV for Warehouses, Factories, Offices & Homes | PGAK",57,AI CCTV for every place worth protecting,143,119,BreadcrumbList;ContactPoint;Country;EntryPoint;ImageObject;ListItem;LocalBusiness;Organization;Person;PostalAddress;SearchAction;WebPage;WebSite,0
/terms,core/solution,200,https://www.pgak.co.in/terms,"index, follow",Terms & Conditions — PGAK,25,Terms & Conditions,140,3,ContactPoint;Country;EntryPoint;ImageObject;LocalBusiness;Organization;Person;PostalAddress;SearchAction;WebSite,0
/video-analytics-software,core/solution,200,https://www.pgak.co.in/video-analytics-software,"index, follow",AI Video Analytics Software for CCTV in India | PGAK,52,AI video analytics software for existing CCTV cameras,134,111,Answer;BreadcrumbList;ContactPoint;Country;EntryPoint;FAQPage;ImageObject;ListItem;LocalBusiness;Organization;Person;PostalAddress;Question;SearchAction;Service;WebPage;WebSite,0
